PUBCHEM_RESULT_TAG,PUBCHEM_SID,PUBCHEM_CID,PUBCHEM_ACTIVITY_OUTCOME,PUBCHEM_ACTIVITY_SCORE,PUBCHEM_ACTIVITY_URL,PUBCHEM_ASSAYDATA_COMMENT,AC50_Qualifier,AC50_uM,pAC50_M,Hill_Slope,S0_(%),Sinf_(%),Num_Points,Max_Activity_(%),Max_Activity_Conc_uM,Max_Concentration_uM,Activity_at_0.00024uM_(%),Activity_at_0.0005uM_(%),Activity_at_0.001uM_(%),Activity_at_0.00195uM_(%),Activity_at_0.0038uM_(%),Activity_at_0.008uM_(%),Activity_at_0.016uM_(%),Activity_at_0.03uM_(%),Activity_at_0.038uM_(%),Activity_at_0.08uM_(%),Activity_at_0.16uM_(%),Activity_at_0.3uM_(%),Activity_at_0.6uM_(%),Activity_at_1.2uM_(%),Activity_at_2.6uM_(%),Activity_at_5uM_(%)
RESULT_TYPE,,,,,,,STRING,FLOAT,STRING,FLOAT,FLOAT,FLOAT,INTEGER,FLOAT,FLOAT,FLOAT,FLOAT,FLOAT,FLOAT,FLOAT,FLOAT,FLOAT,FLOAT,FLOAT,FLOAT,FLOAT,FLOAT,FLOAT,FLOAT,FLOAT,FLOAT,FLOAT
RESULT_DESCR,,,,,,,"'>','=', or '<'",The concentration at which activity reaches 50% of the maximum,Equal to -1*log10(AC50),The slope at AC50,The fitted activity value at zero concentration,The fitted activity value at infinite concentration,The number of data points used to generate the plot,"The maximum activity value observed, based on mean of replicates per concentration",The concentration at which the maximum activity is observed,Maximum valid test concentration,The average measured activity of all accepted replicates at the specified concentration,The average measured activity of all accepted replicates at the specified concentration,The average measured activity of all accepted replicates at the specified concentration,The average measured activity of all accepted replicates at the specified concentration,The average measured activity of all accepted replicates at the specified concentration,The average measured activity of all accepted replicates at the specified concentration,The average measured activity of all accepted replicates at the specified concentration,The average measured activity of all accepted replicates at the specified concentration,The average measured activity of all accepted replicates at the specified concentration,The average measured activity of all accepted replicates at the specified concentration,The average measured activity of all accepted replicates at the specified concentration,The average measured activity of all accepted replicates at the specified concentration,The average measured activity of all accepted replicates at the specified concentration,The average measured activity of all accepted replicates at the specified concentration,The average measured activity of all accepted replicates at the specified concentration,The average measured activity of all accepted replicates at the specified concentration
RESULT_UNIT,,,,,,,NONE,MICROMOLAR,NONE,NONE,PERCENT,PERCENT,NONE,PERCENT,MICROMOLAR,MICROMOLAR,PERCENT,PERCENT,PERCENT,PERCENT,PERCENT,PERCENT,PERCENT,PERCENT,PERCENT,PERCENT,PERCENT,PERCENT,PERCENT,PERCENT,PERCENT,PERCENT
RESULT_ATTR_CONC_MICROMOL,,,,,,,,,,,,,,,,,0.00024,0.0005,0.001,0.00195,0.0038,0.008,0.016,0.03,0.038,0.08,0.16,0.3,0.6,1.2,2.6,5
1,842151,644407,Active,54,,,=,3.819,5.418,1.58,14.855,-100,13,-47.363,5,5,,,,,,,,,13.18,2.555,9.641,16.372,40.305,10.835,-39.572,-47.363
2,842478,644742,Active,58,,,=,1.528,5.816,2.968,13.25,-50.137,13,-48.971,5,5,,,,,,,,,6.979,8.41,17.348,26.252,62.721,-8.404,-38.256,-48.971
3,842526,644796,Active,65,,,=,0.314,6.504,1.255,0,-81.679,16,-81.456,5,5,,,,,,,,,-10.334,-6.998,-24.001,-42.615,-57.522,-65.838,-75.296,-81.456
4,843741,646043,Active,66,,,=,0.275,6.56,1.336,120.658,-93.044,16,-88.157,5,5,,,,,,,,,104.95,90.292,46.153,11.301,-39.571,-64.872,-84.336,-88.157
5,847444,649849,Active,66,,,=,0.28,6.552,1.272,163.967,-86.033,16,-91.105,5,5,,,,,,,,,147.617,129,81.672,22.343,-2.4,-48.379,-76.896,-91.105
6,848056,650480,Active,61,,,=,0.826,6.083,1.437,5.14,-59.578,15,-53.67,5,5,,,,,,,,,5.296,-1.201,9.971,-8.233,-22.864,-31.605,-52.503,-53.67
7,855810,6364669,Active,74,,,=,0.04,7.398,2.344,0,-87.893,16,-92.909,2.6,5,,,,,,,,,-40.81,-75.18,-82.315,-84.388,-85.577,-87.396,-92.909,-89.208
8,855836,6603320,Active,70,,,=,0.093,7.032,2.465,0,-84.016,16,-92.854,5,5,,,,,,,,,4.252,-41.771,-65.641,-70.404,-77.237,-80.853,-91.663,-92.854
9,856344,657713,Active,62,,,=,0.614,6.212,2.702,9.203,-74.119,15,-72.491,2.6,5,,,,,,,,,6.637,14.649,17.554,-6.607,-26.652,-67.046,-72.491,-71.329
10,856525,657882,Active,63,,,=,0.556,6.255,1.888,146.65,-82.493,16,-83.821,5,5,,,,,,,,,119.179,165.092,135.774,84.849,19.466,-30.889,-69.685,-83.821
11,857056,658411,Active,63,,,=,0.536,6.271,3.381,25,-28.678,13,-31.524,2.6,5,,,,,,,,,23.45,42.967,51.787,15.029,-5.096,-37.954,-31.524,-25.946
12,857381,617210,Active,63,,,=,0.485,6.314,1.848,86.845,-82.872,16,-86.577,5,5,,,,,,,,,65.982,105.138,64.664,35.326,-16.9,-51.816,-71.385,-86.577
13,858166,6885082,Active,66,,,=,0.226,6.646,2.33,0,-89.952,16,-95.055,5,5,,,,,,,,,23.243,3.204,-38.544,-56.961,-75.519,-84.896,-92.71,-95.055
14,858305,1907983,Active,66,,,=,0.233,6.633,1.236,164.59,-92.114,16,-86.827,5,5,,,,,,,,,139.144,111.634,66.222,13.938,-29.914,-61.427,-80.119,-86.827
15,858954,660258,Active,65,,,=,0.351,6.455,1.695,137.262,-83.087,16,-88.415,5,5,,,,,,,,,125.094,122.603,107.103,26.455,-20.374,-44.858,-76.893,-88.415
16,861400,5389565,Active,67,,,=,0.206,6.687,4,17.833,-70.376,16,-72.506,5,5,,,,,,,,,7.14,27.464,-6.194,-55.558,-69.19,-69.966,-68.091,-72.506
17,861731,662965,Active,64,,,=,0.395,6.403,2.901,0,-70.328,14,-74.756,5,5,,,,,,,,,-4.557,6.002,40.949,-21.358,-56.728,-59.787,-71.387,-74.756
18,861918,663143,Inactive,0,,,,,,,-26.311,-26.311,16,-51.397,0.16,5,,,,,,,,,50.741,-44.542,-51.397,-34.049,-14.569,-29.888,-48.682,-38.098
19,864370,665618,Active,60,,,=,0.986,6.006,3.665,10.655,-57.817,14,-61.661,2.6,5,,,,,,,,,-5.36,19.733,18.481,38.556,-0.384,-33.989,-61.661,-52.789
20,3711421,6603514,Active,67,,,=,0.21,6.679,1.634,105.063,-89.646,16,-92.095,5,5,,,,,,,,,91.493,74.611,30.976,-27.081,-54.517,-76.421,-86.805,-92.095
21,3714169,2347892,Active,74,,,=,0.044,7.358,0.527,0,-107.624,16,-97.33,5,5,,,,,,,,,-55.768,-57.851,-68.205,-80.753,-88.364,-93.533,-96.386,-97.33
22,3714284,2998738,Active,65,,,=,0.296,6.528,1.271,95.64,-93.857,16,-88.193,5,5,,,,,,,,,81.895,67.452,34.444,0.136,-37.403,-67.763,-82.92,-88.193
23,4243251,1516852,Active,64,,,=,0.372,6.43,1.267,155.243,-91.457,16,-82.886,5,5,,,,,,,,,141.339,127.08,87.654,54.255,-10.293,-41.641,-73.167,-82.886
24,4249772,2166675,Active,67,,,=,0.21,6.677,1.419,137.462,-89.977,16,-92.403,5,5,,,,,,,,,114.036,100.219,44.774,-14.527,-37.291,-73.773,-80.899,-92.403
25,4251194,66541,Active,69,,,=,0.135,6.868,4,25,-100,16,-98.032,2.6,5,,,,,,,,,24.357,21.034,-61.736,-94.967,-96.703,-97.391,-98.032,-97.231
26,4254515,972733,Active,71,,,=,0.082,7.088,0.923,0,-75.462,16,-74.778,2.6,5,,,,,,,,,-27.794,-36.096,-43.724,-61.795,-67.129,-69.477,-74.778,-70.23
27,4254571,2200749,Active,62,,,=,0.696,6.157,1.812,76.166,-76.944,15,-78.413,5,5,,,,,,,,,54.475,76.367,72.095,58.055,-5.37,-25.582,-60.828,-78.413
28,4256991,892017,Active,69,,,=,0.14,6.854,0.923,194.515,-105.485,16,-92.832,5,5,,,,,,,,,129.728,75.353,37.876,-6.042,-42.305,-67.754,-91.228,-92.832
29,4257840,976709,Active,63,,,=,0.486,6.313,1.443,63.453,-88.445,16,-86.04,5,5,,,,,,,,,60.918,53.126,32.724,20.052,-27.949,-56.712,-71.696,-86.04
30,4259106,900740,Inactive,0,,,,,,,19.126,19.126,13,46.299,5,5,,,,,,,,,3.587,18.001,16.823,13.653,25.245,13.349,29.287,46.299
31,4259110,2980758,Active,55,,,=,2.895,5.538,2.508,12.199,-100,15,-64.726,5,5,,,,,,,,,2.943,7.218,10.83,12.235,37.001,19.027,-51.254,-64.726
32,4261260,892370,Active,62,,,=,0.573,6.242,1.28,117.497,-100,16,-85.178,5,5,,,,,,,,,107.743,102.832,86.212,50.108,1.948,-36.8,-72.801,-85.178
33,4261905,2202737,Active,62,,,=,0.582,6.235,2.38,11.188,-77.423,16,-88.46,5,5,,,,,,,,,8.627,11.886,8.364,-4.16,-33.904,-68.434,-59.733,-88.46
34,4262527,926663,Active,68,,,=,0.158,6.801,1.305,134.614,-93.527,16,-92.796,5,5,,,,,,,,,101.234,74.133,16.17,-28.486,-53.787,-77.435,-88.759,-92.796
35,4265004,894322,Active,61,,,=,0.873,6.059,2,50.502,-67.897,14,-64.634,5,5,,,,,,,,,43.286,56.237,88.665,39.535,10.449,-25.586,-56.147,-64.634
36,7964734,835162,Active,65,,,=,0.284,6.547,1.554,84.868,-100,16,-94.388,5,5,,,,,,,,,78.382,54.595,44.597,-20.525,-58.922,-75.45,-90.894,-94.388
37,7964790,5307230,Active,66,,,=,0.226,6.647,4,25,-56.848,16,-59.432,1.2,5,,,,,,,,,29.447,53.057,26.621,-55.156,-45.857,-59.432,-53.428,-58.47
38,7965285,993259,Active,63,,,=,0.56,6.252,2,114.627,-58.907,16,-56.208,5,5,,,,,,,,,99.604,101.966,125.586,89.171,3.503,-22.144,-53.157,-56.208
39,7965424,5307612,Active,62,,,=,0.66,6.181,4,17.013,-67.962,15,-67.38,1.2,5,,,,,,,,,3.367,15.178,34.514,23.481,-16.914,-67.38,-66.612,-64.301
40,7965705,2986656,Active,61,,,=,0.791,6.102,4,6.151,-76.841,13,-75.565,5,5,,,,,,,,,7.134,-3.761,31.248,5.205,-7.865,-72.987,-71.701,-75.565
41,7965745,5307805,Active,63,,,=,0.45,6.347,4,25,-57.816,15,-59.934,2.6,5,,,,,,,,,9.03,24.985,50.179,26.168,-50.309,-54.46,-59.934,-51.842
42,7966076,2992266,Active,64,,,=,0.388,6.411,1.222,0,-100,16,-94.512,5,5,,,,,,,,,-5.02,-10.314,-40.51,-28.132,-61.44,-87.264,-92.025,-94.512
43,7967048,5308593,Active,59,,,=,1.259,5.9,4,22.081,-74.495,16,-73.365,5,5,,,,,,,,,16.527,24.927,14.314,32.723,17.117,-21.277,-70.745,-73.365
44,7967346,2997481,Active,64,,,=,0.36,6.443,4,25,-65.21,15,-68.739,1.2,5,,,,,,,,,17.058,31.002,26.535,-1.372,-61.526,-68.739,-62.52,-59.36
45,7968000,1262756,Active,59,,,=,1.412,5.85,2.636,17.964,-100,15,-94.89,5,5,,,,,,,,,-4.77,24.583,13.639,20.51,18.075,-36.753,-73.83,-94.89
46,7968563,891159,Active,62,,,=,0.675,6.171,1.668,112.587,-76.8,16,-76.12,5,5,,,,,,,,,99.892,101.91,126.443,62.249,19.791,-16.785,-54.793,-76.12
47,7969673,866503,Active,62,,,=,0.661,6.18,1.721,17.384,-88.888,15,-86.979,5,5,,,,,,,,,-7.547,23.028,17.55,-14.365,-27.133,-62.267,-77.962,-86.979
48,7970423,3702591,Active,61,,,=,0.795,6.1,1.048,-25,-100,16,-88.867,2.6,5,,,,,,,,,-26.043,-35.597,-39.463,-43.359,-49.193,-74.48,-88.867,-85.421
49,7970545,866500,Active,58,,,=,1.522,5.818,0.891,-16.211,-100,16,-80.626,5,5,,,,,,,,,-10.594,-26.104,-32.627,-36.503,-37.686,-45.95,-72.259,-80.626
50,7970738,866501,Active,61,,,=,0.796,6.099,0.576,-0.411,-100,16,-80.365,5,5,,,,,,,,,-11.58,-25.485,-27.053,-42.338,-44.173,-50.999,-63.701,-80.365
51,7971349,5310447,Active,62,,,=,0.634,6.198,1.057,146.65,-100,16,-75.064,5,5,,,,,,,,,131.018,117.993,115.444,64.689,21.924,-19.762,-46.823,-75.064
52,7971757,3554231,Active,74,,,<,0.038,7.42,0.5,0,-90.798,16,-88.426,5,5,,,,,,,,,-46.354,-58.425,-64.791,-63.149,-69.659,-75.814,-79.974,-88.426
53,7972883,801271,Active,67,,,=,0.222,6.655,1.318,113.485,-93.062,16,-94.056,5,5,,,,,,,,,87.764,85.817,23.593,-13.57,-45.323,-69.062,-84.769,-94.056
54,7973536,206388,Active,71,,,=,0.089,7.052,1.475,80.788,-99.627,16,-98.596,2.6,5,,,,,,,,,41.289,-5.308,-41.316,-78.552,-88.829,-95.607,-98.596,-98.429
55,7973739,2260658,Active,66,,,=,0.281,6.552,2.739,25,-87.356,16,-93.586,5,5,,,,,,,,,30.661,32.615,7.829,-42.932,-65.628,-81.969,-89.307,-93.586
56,7973780,763882,Active,69,,,=,0.14,6.855,1.608,88.564,-92.004,16,-94.591,5,5,,,,,,,,,66.303,42.079,-16.991,-51.231,-72.173,-84.016,-91.716,-94.591
57,7974964,5310753,Active,68,,,=,0.173,6.761,1.112,175.737,-95.079,16,-91.797,5,5,,,,,,,,,128.515,107.379,38.181,-3.652,-35.07,-64.716,-82.311,-91.797
58,7975271,838877,Active,67,,,=,0.224,6.65,1.648,25,-94.123,16,-94.123,5,5,,,,,,,,,23.766,9.398,-24.045,-45.36,-74.631,-85.568,-93.087,-94.123
59,7975750,2767330,Active,62,,,=,0.575,6.24,2,100.993,-90.378,16,-92.815,5,5,,,,,,,,,81.077,100.65,106.94,62.835,-8.699,-50.648,-77.32,-92.815
60,7976243,793991,Active,68,,,=,0.169,6.772,2.572,0,-92.391,16,-96.837,5,5,,,,,,,,,16.639,-13.217,-45.637,-73.756,-82.696,-90.455,-95.355,-96.837
61,7977150,94381,Active,61,,,=,0.868,6.061,2,150,-100,16,-81.243,5,5,,,,,,,,,138.337,154.705,137.003,137.294,69.807,-25.888,-63.614,-81.243
62,7977601,2844723,Active,67,,,=,0.179,6.746,3.211,8.577,-71.936,16,-73.395,0.6,5,,,,,,,,,1.168,12.794,-29.655,-53.62,-73.395,-69.26,-72.958,-73.328
63,14719315,9549170,Active,71,,,=,0.083,7.082,1.879,0,-96.109,16,-95.487,2.6,5,,,,,,,,,-22.516,-41.541,-76.514,-91.242,-93.661,-94.395,-95.487,-95.067
64,14720977,866034,Active,64,,,=,0.388,6.411,2.028,25,-100,16,-95.619,5,5,,,,,,,,,54.531,42.449,9.298,-32.53,-58.425,-82.137,-90.96,-95.619
65,14722386,774798,Active,64,,,=,0.374,6.427,1.89,0,-59.606,16,-64.832,5,5,,,,,,,,,18.026,7.811,-8.924,-32.741,-37.302,-49.571,-57.092,-64.832
66,14722533,778068,Active,65,,,=,0.312,6.506,1.097,0,-83.244,16,-82.338,5,5,,,,,,,,,-5.333,-13.909,-26.845,-44.851,-55.737,-63.937,-74.827,-82.338
67,14722725,864329,Active,58,,,=,1.557,5.808,1.439,-8.525,-100,16,-82.412,5,5,,,,,,,,,-9.798,-8.753,-13.438,-13.491,-30.012,-42.429,-74.666,-82.412
68,14723802,1462058,Active,58,,,=,1.681,5.775,1.238,17.328,-100,15,-73.333,5,5,,,,,,,,,8.401,25.802,19.664,6.583,-15.092,-25.932,-59.362,-73.333
69,14724336,3129671,Active,65,,,=,0.344,6.463,1.339,25,-94.192,16,-92.57,5,5,,,,,,,,,17.426,15.563,-7.699,-31.239,-56.465,-71.598,-86.993,-92.57
70,14727439,1211576,Active,59,,,=,1.349,5.87,4,25,-63.227,14,-61.742,5,5,,,,,,,,,46.139,11.73,40.254,59.414,90.023,-9.963,-59.057,-61.742
71,14728583,9547813,Active,58,,,=,1.554,5.809,4,24.432,-49.307,15,-46.018,5,5,,,,,,,,,5.172,11.51,18.567,56.65,45.931,5.186,-45.422,-46.018
72,14730987,868748,Active,63,,,=,0.51,6.292,0.978,25,-92.37,16,-83.796,5,5,,,,,,,,,17.623,4.548,1.409,-17.274,-45.27,-53.376,-69.39,-83.796
73,14731454,807603,Active,59,,,=,1.171,5.932,1.491,142.924,-100,16,-75.102,5,5,,,,,,,,,112.639,146.284,155.423,125.83,57.953,20.471,-36.053,-75.102
74,14731755,960954,Active,74,,,<,0.038,7.42,0.5,0,-85.101,16,-84.8,5,5,,,,,,,,,-51.259,-58.18,-65.347,-64.724,-67.373,-70.753,-80.257,-84.8
75,14731793,894181,Active,64,,,=,0.414,6.383,1.241,0,-84.642,16,-84.815,5,5,,,,,,,,,2.529,-9.499,-18.987,-39.045,-50.689,-64.773,-73.658,-84.815
76,14731999,838555,Active,65,,,=,0.303,6.519,1.506,0,-64.784,16,-68.173,5,5,,,,,,,,,15.428,-11.293,-21.495,-32.908,-46.738,-53.924,-60.969,-68.173
77,14732945,5393549,Active,60,,,=,1.006,5.998,3.093,7.831,-83.871,15,-85.762,5,5,,,,,,,,,18.894,3.642,25.09,2.116,-4.981,-52.034,-75.771,-85.762
78,14733191,9550406,Active,64,,,=,0.434,6.362,4,9.468,-61.786,14,-68.046,1.2,5,,,,,,,,,1.53,16.133,18.615,7.83,-55.869,-68.046,-60.387,-51.204
79,14735928,974969,Active,70,,,=,0.094,7.028,1.041,158.987,-99.712,16,-94.353,5,5,,,,,,,,,88.318,33.174,4.365,-44.273,-69.165,-82.011,-92.245,-94.353
80,14735985,2249530,Active,64,,,=,0.369,6.433,1.258,159.048,-90.952,16,-85.841,5,5,,,,,,,,,145.665,123.605,102.864,44.27,-3.822,-42.376,-67.826,-85.841
81,14736914,5362868,Active,73,,,=,0.051,7.29,3.484,0,-85.648,16,-88.568,0.6,5,,,,,,,,,-22.227,-70.699,-83.642,-85.45,-88.568,-84.272,-86.539,-83.544
82,14737096,4205238,Active,69,,,=,0.132,6.88,1.033,0,-100,14,-95.513,2.6,5,,,,,,,,,-20.623,-34.546,-60.722,-3.982,-77.756,-93.184,-95.513,-95.251
83,14742129,5401877,Active,53,,,=,4.716,5.326,1.338,50,-100,15,-23.03,5,5,,,,,,,,,47.577,68.314,58.913,73.445,46.755,14.631,1.689,-23.03
84,14744044,2376084,Active,61,,,=,0.851,6.07,0.863,16.989,-100,14,-83.857,5,5,,,,,,,,,7.887,4.911,37.128,-13.439,-36.491,-53.809,-58.849,-83.857
85,14744660,705951,Active,65,,,=,0.3,6.523,1.322,68.731,-92.541,16,-88.858,5,5,,,,,,,,,60.039,41.049,24.763,-14.822,-47.516,-67.436,-85.084,-88.858
86,14745082,9551964,Active,60,,,=,0.924,6.034,4,14.257,-54.357,15,-55.179,2.6,5,,,,,,,,,1.666,17.725,22.032,26.69,4.387,-36.866,-55.179,-52.413
87,14745497,2386027,Active,63,,,=,0.501,6.3,1.56,121.795,-77.566,16,-78.811,5,5,,,,,,,,,103.153,126.552,100.604,49.292,8.63,-33.971,-57.56,-78.811
88,14746660,2572325,Active,69,,,=,0.128,6.894,1.456,175.421,-95.425,16,-94.179,2.6,5,,,,,,,,,143.737,59.594,54.954,-63.551,-65.872,-80.768,-94.179,-92.204
89,16953064,2409986,Active,71,,,=,0.083,7.082,0.5,0,-100,16,-87.667,5,5,,,,,,,,,-44.117,-52.331,-55.63,-58.702,-61.16,-70.332,-78.579,-87.667
90,17386603,1011983,Active,64,,,=,0.376,6.425,2,110.71,-75.048,16,-85.346,5,5,,,,,,,,,109.472,99.193,87.144,36.859,-23.262,-62.02,-56.549,-85.346
91,17387494,849451,Active,65,,,=,0.292,6.535,1.09,148.708,-106.028,16,-95.056,5,5,,,,,,,,,128.903,89.331,63.484,24.745,-25.992,-69.098,-79.749,-95.056
92,17387765,4400793,Active,61,,,=,0.831,6.08,4,25,-39.379,16,-40.599,2.6,5,,,,,,,,,19.662,19.647,48.892,47.549,15.868,-33.82,-40.599,-34.421
93,17408724,2898055,Active,68,,,=,0.168,6.774,4,25,-38.003,16,-38.321,5,5,,,,,,,,,33.553,29.49,-2.522,-37.757,-33.929,-38.105,-37.471,-38.321
94,17408987,5767547,Active,63,,,=,0.558,6.253,1.823,114.956,-79.49,16,-84.284,5,5,,,,,,,,,108.023,106.308,106.478,74.006,-5.977,-25.631,-65.397,-84.284
95,17409023,5456435,Active,59,,,=,1.401,5.854,1.174,0,-100,16,-77.542,2.6,5,,,,,,,,,3.626,-11.247,-8.894,-18.836,-22.136,-39.415,-77.542,-77.351
96,17409322,1143231,Active,65,,,=,0.355,6.45,1.3,2.274,-91.456,16,-88.117,5,5,,,,,,,,,-3.715,-6.478,-26.277,-36.119,-62.535,-73.565,-86.142,-88.117
97,17411505,1472976,Active,64,,,=,0.385,6.415,1.529,163.839,-72.745,16,-77.947,5,5,,,,,,,,,146.327,154.825,123.372,55.351,7.671,-31.941,-53.208,-77.947
98,17412059,3746305,Active,67,,,=,0.197,6.707,4,25,-43.231,15,-46.049,1.2,5,,,,,,,,,32.679,62.372,3.875,-55.807,-36.912,-46.049,-46.043,-39.221
99,17413494,878060,Active,61,,,=,0.809,6.092,2.484,19.896,-54.262,16,-55.499,5,5,,,,,,,,,13.577,18.932,25.81,15.074,-5.94,-33.287,-48.417,-55.499
100,17414129,5343154,Active,55,,,=,3.005,5.522,2.168,25,-100,14,-52.144,5,5,,,,,,,,,30.807,30.196,30.797,32.552,41.681,23.008,-48.372,-52.144
101,17414402,5343000,Active,61,,,=,0.783,6.106,2.661,13.887,-58.776,14,-61.957,2.6,5,,,,,,,,,12.074,15.523,49.765,9.12,-11.28,-38.77,-61.957,-53.821
102,17414961,1290765,Active,57,,,=,1.897,5.722,2,66.103,-100,16,-57.511,5,5,,,,,,,,,20.093,49.655,87.811,86.488,86.986,-4.82,-47.891,-57.511
103,17415149,2925984,Active,62,,,=,0.628,6.202,4,22.211,-62.391,14,-62.469,1.2,5,,,,,,,,,25.955,21.585,36.494,22.071,-13.966,-62.469,-62.36,-57.809
104,17415721,1335223,Inactive,0,,,,,,,22.214,22.214,16,64.709,1.2,5,,,,,,,,,8.125,19.361,41.253,9.274,31.576,64.709,26.946,-23.532
105,17415930,2900050,Active,55,,,=,2.94,5.532,2.057,25,-100,16,-53.796,5,5,,,,,,,,,12.333,38.168,55.58,60.301,3.516,27.794,-48.678,-53.796
106,17416327,11958912,Inconclusive,0,,,,,,,,,16,-70.174,0.08,5,,,,,,,,,-63.815,-70.174,-62.197,-69.147,-66.175,-68.131,-62.328,-57.788
107,17432183,1244464,Active,64,,,=,0.358,6.446,4,25,-49.701,14,-54.378,0.6,5,,,,,,,,,7.913,41.525,76.248,5.884,-54.378,-37.327,-50.143,-52.052
108,17432595,5719812,Active,55,,,=,3.042,5.517,2.557,25,-100,15,-61.726,5,5,,,,,,,,,11.116,20.918,51.553,59.053,76.77,22.351,-36.665,-61.726
109,17432820,2899437,Active,61,,,=,0.848,6.072,4,-9.434,-86.313,15,-86.687,2.6,5,,,,,,,,,-10.135,-11.058,2.34,-9.605,-21.708,-74.109,-86.687,-83.556
110,17433892,2943798,Active,58,,,=,1.669,5.777,4,19.277,-55.287,14,-51.241,2.6,5,,,,,,,,,-0.34,21.983,16.735,28.931,23.093,7.961,-51.241,-49.905
111,17506059,12004643,Active,63,,,=,0.487,6.312,1.209,146.601,-100,16,-83.117,5,5,,,,,,,,,129.749,127.785,99.294,55.713,4.37,-36.436,-69.628,-83.117
112,17506595,898228,Active,65,,,=,0.287,6.542,4,47.132,-58.743,16,-66.727,5,5,,,,,,,,,40.757,42.101,52.708,-15.49,-52.368,-43.483,-65.696,-66.727
113,17507540,3166945,Active,60,,,=,0.945,6.024,4,20.715,-65.684,16,-76.208,5,5,,,,,,,,,18.34,18.375,13.425,25.976,17.824,-48.642,-49.956,-76.208
114,17507542,9556723,Active,68,,,=,0.172,6.764,2,51.564,-64.881,16,-63.997,1.2,5,,,,,,,,,29.65,53.716,8.005,-62.163,-62.53,-63.997,-54.042,-57.792
115,17508366,848023,Active,57,,,=,1.993,5.7,0.574,-25,-100,15,-83.491,5,5,,,,,,,,,-42.296,-38.961,-30.435,-36.919,-48.002,-48.669,-61.805,-83.491
116,17508735,843346,Active,59,,,=,1.267,5.897,4,4.255,-100,16,-98.499,5,5,,,,,,,,,8.864,10.987,-2.649,-2.93,2.459,-41.757,-98.443,-98.499
117,17509557,6862122,Active,60,,,=,1.073,5.969,2.142,8.462,-68.576,15,-65.951,5,5,,,,,,,,,-6.52,12.294,22.913,9.468,-15.981,-31.156,-59.359,-65.951
118,17510431,12005200,Active,62,,,=,0.652,6.186,4,17.594,-70.08,15,-68.788,2.6,5,,,,,,,,,8.328,16.073,24.259,31.018,-18.166,-67.972,-68.788,-67.537
119,17510448,12005206,Active,67,,,=,0.18,6.745,1.582,0,-74.799,16,-77.513,5,5,,,,,,,,,-4.799,-13.811,-37.427,-50.67,-64.996,-68.157,-73.472,-77.513
120,17510464,3380837,Active,61,,,=,0.776,6.11,1.801,25,-100,15,-88.605,5,5,,,,,,,,,63.657,69.394,67.819,-9.045,-37.386,-45.432,-82.818,-88.605
121,17510486,12005218,Active,58,,,=,1.668,5.778,4,25,-60.738,16,-60.078,2.6,5,,,,,,,,,17.274,19.593,26.431,44.471,45.092,13.825,-60.078,-52.339
122,17511085,2407344,Active,56,,,=,2.349,5.629,3.213,25,-100,14,-90.47,5,5,,,,,,,,,18.505,5.584,37.831,23.407,51.085,7.452,-46.079,-90.47
123,17511460,1238357,Active,74,,,<,0.038,7.42,0,-89.761,-89.761,16,-95.146,5,5,,,,,,,,,-83.213,-84.29,-87.484,-87.665,-92.404,-92.808,-95.079,-95.146
124,17513237,2040656,Active,68,,,=,0.162,6.79,1.305,0,-86.969,16,-86.28,5,5,,,,,,,,,-4.477,-29.762,-45.422,-55.657,-74.446,-80.904,-85.18,-86.28
125,17513473,1183030,Active,61,,,=,0.841,6.075,4,22.556,-49.645,15,-53.891,1.2,5,,,,,,,,,6.662,13.134,25.074,36.213,42.743,-53.891,-47.253,-40.747
126,17513905,6878137,Active,63,,,=,0.46,6.337,3.785,14.051,-76.56,15,-86.616,5,5,,,,,,,,,1.746,19.171,34.215,0.056,-55.536,-58.685,-79.368,-86.616
127,17514430,12005837,Active,62,,,=,0.63,6.201,2,150,-100,16,-94.598,5,5,,,,,,,,,171.162,150.042,164.91,133.518,-1.364,-32.794,-83.393,-94.598
128,17515072,4608040,Active,62,,,=,0.692,6.16,1.509,159.766,-90.234,15,-82.551,5,5,,,,,,,,,130.702,158.163,146.232,98.301,43.564,-10.169,-56.954,-82.551
129,17515363,6893523,Active,64,,,=,0.378,6.423,4,25,-42.505,15,-54.329,1.2,5,,,,,,,,,18.545,24.17,43.886,11.51,-43.28,-54.329,-43.517,-23.623
130,17515940,2359236,Inconclusive,0,,,,,,,,,16,140.331,0.6,5,,,,,,,,,34.272,56.797,86.569,124.72,140.331,70.824,1.125,-2.763
131,17516748,1527277,Active,58,,,=,1.563,5.806,1.987,85.442,-100,15,-62.157,5,5,,,,,,,,,37.711,59.3,118.069,110.64,120.437,-23.765,-37.053,-62.157
132,22401243,6506157,Active,61,,,=,0.774,6.111,3.39,0,-51.268,13,-59.584,2.6,5,,,,,,,,,4.259,-3.695,3.34,2.437,2.588,-39.353,-59.584,-34.02
133,22401399,15944763,Active,74,,,<,0.038,7.42,0,-86.197,-86.197,16,-95.161,5,5,,,,,,,,,-81.555,-81.809,-82.162,-84.28,-85.229,-88.848,-90.536,-95.161
134,22402148,2140519,Active,62,,,=,0.636,6.197,2.803,23.629,-81.699,16,-81.582,5,5,,,,,,,,,23.945,18.469,24.647,14.905,-27.565,-63.15,-81.466,-81.582
135,22402598,6878229,Active,60,,,=,1.089,5.963,4,0,-73.451,15,-74.482,2.6,5,,,,,,,,,-14.346,-10.696,10.103,8.207,2.582,-43.343,-74.482,-70.88
136,22402832,15944928,Active,59,,,=,1.13,5.947,4,25,-84.734,14,-87.384,5,5,,,,,,,,,12.375,27.229,63.612,99.559,44.745,-43.652,-77.675,-87.384
137,22403083,15944939,Active,74,,,<,0.038,7.42,0.5,0,-101.491,16,-97.816,5,5,,,,,,,,,-73.251,-76.247,-83.457,-86.593,-91.737,-94.915,-97.1,-97.816
138,22404715,9678325,Active,74,,,<,0.038,7.42,2.043,0,-61.061,16,-67.099,0.3,5,,,,,,,,,-33.346,-48.145,-59.631,-67.099,-63.993,-64.443,-56.219,-53.333
139,22405200,4884956,Active,61,,,=,0.714,6.146,1.379,48.292,-100,16,-86.994,5,5,,,,,,,,,39.825,37.594,49.234,7.334,-19.51,-53.439,-74.226,-86.994
140,22406171,9671114,Active,62,,,=,0.576,6.239,1.08,18.179,-100,16,-90.146,5,5,,,,,,,,,17.271,-1.539,-4.82,-20.221,-39.734,-64.524,-81.314,-90.146
141,22407351,4579924,Active,74,,,<,0.038,7.42,0,-92.541,-92.541,16,-98.582,5,5,,,,,,,,,-83.074,-87.731,-90.569,-93.045,-94.096,-96.067,-97.166,-98.582
142,22407617,2351184,Active,64,,,=,0.399,6.399,1.267,111.018,-100,16,-92.161,5,5,,,,,,,,,96.991,87.161,75.624,4.157,-10.935,-57.789,-83.506,-92.161
143,22407701,2483332,Active,60,,,=,0.989,6.005,3.082,3.54,-89.8,15,-92.798,5,5,,,,,,,,,-0.934,4.431,5.371,8.935,-12.2,-58.103,-80.703,-92.798
144,22408455,3599481,Active,55,,,=,3.272,5.485,1.198,11.975,-100,16,-56.582,5,5,,,,,,,,,-0.031,9.906,19.708,9.941,3.147,-23.777,-33.91,-56.582
145,22408988,904031,Active,65,,,=,0.345,6.462,1.119,115.369,-100,16,-89.739,5,5,,,,,,,,,96.109,85.222,48.17,18.19,-28.938,-51.84,-81.769,-89.739
146,22410794,9631088,Active,65,,,=,0.349,6.457,1.746,174.429,-75.571,16,-89.916,5,5,,,,,,,,,169.171,170.049,140.739,36.138,11.869,-38.781,-80.479,-89.916
147,22411073,1194328,Active,63,,,=,0.48,6.319,1.725,59.78,-87.623,15,-90.614,5,5,,,,,,,,,50.507,57.346,68.094,7.462,-29.042,-58.958,-75.831,-90.614
148,22411729,15945494,Active,59,,,=,1.16,5.935,0.99,17.888,-100,16,-77.854,5,5,,,,,,,,,11.16,8.856,6.468,0.186,-27.107,-48.306,-57.014,-77.854
149,22413166,15945679,Active,61,,,=,0.773,6.112,4,25,-88.759,15,-90.078,2.6,5,,,,,,,,,34.435,35.111,31.537,57.491,-6.112,-71.895,-90.078,-87.029
150,22414016,852418,Active,63,,,=,0.556,6.255,2,87.777,-78.928,15,-82.885,5,5,,,,,,,,,82.814,70.356,75.979,56.159,-10.514,-43.15,-67.716,-82.885
151,22415173,803124,Active,65,,,=,0.354,6.451,1.302,136.055,-89.186,16,-85.79,5,5,,,,,,,,,122.904,110.505,73.577,40.439,-20.309,-47.522,-70.128,-85.79
152,22416637,82498,Active,66,,,=,0.248,6.605,1.445,0,-77.993,16,-77.398,2.6,5,,,,,,,,,-3.398,-20.843,-15.692,-51.695,-60.928,-66.86,-77.398,-77.167
153,22416903,2915477,Active,64,,,=,0.397,6.401,4,19.505,-64.598,15,-67.764,5,5,,,,,,,,,-13.78,28.613,26.699,-1.183,-52.912,-61.602,-62.353,-67.764
154,24707817,16066501,Active,62,,,=,0.571,6.243,1.139,113.286,-100,16,-81.534,5,5,,,,,,,,,101.92,99.194,61.924,53.553,3.401,-43.702,-62.544,-81.534
155,24707998,16066565,Active,60,,,=,1.042,5.982,1.448,122.642,-100,16,-76.655,5,5,,,,,,,,,102.107,134.896,118.009,85.685,44.313,11.613,-60.529,-76.655
156,24779201,1075260,Active,69,,,=,0.134,6.871,4,16.521,-63.195,16,-69.968,0.6,5,,,,,,,,,17.136,6.39,-35.229,-65.7,-69.968,-62.504,-60.152,-55.628
157,24779819,1539603,Active,63,,,=,0.481,6.318,1.204,120.987,-100,16,-82.439,5,5,,,,,,,,,97.952,115.38,75.654,36.37,-10.439,-37.787,-76.542,-82.439
158,24779824,9680914,Active,62,,,=,0.636,6.196,1.111,-0.259,-100,16,-90.185,5,5,,,,,,,,,-2.221,-14.201,-15.42,-27.443,-55.038,-60.814,-86.137,-90.185
159,24780447,1878864,Active,66,,,=,0.248,6.605,1.992,25,-100,16,-97.366,5,5,,,,,,,,,36.702,14.255,-13.211,-50.315,-80.648,-89.273,-94.471,-97.366
160,24780697,793586,Active,65,,,=,0.284,6.547,1.21,122.115,-97.843,16,-90.583,5,5,,,,,,,,,104.43,84.155,44.829,12.864,-36.372,-65.684,-83.862,-90.583
161,24780788,2877526,Active,68,,,=,0.168,6.774,4,0,-52.571,16,-60.056,0.6,5,,,,,,,,,34.286,-0.316,-24.386,-47.192,-60.056,-56.654,-51.555,-42.705
162,24780889,5708117,Active,62,,,=,0.63,6.201,1.958,23.031,-74.357,16,-75.359,5,5,,,,,,,,,22.482,15.688,23.471,5.985,-28.223,-48.978,-67.238,-75.359
163,24781837,2059132,Active,61,,,=,0.815,6.089,4,20.975,-95.091,15,-95.055,5,5,,,,,,,,,18.824,19.938,29.29,22.603,-0.818,-80.731,-90.486,-95.055
164,24784316,6464905,Active,62,,,=,0.645,6.19,0.848,25,-100,16,-79.394,5,5,,,,,,,,,22.712,-0.287,-2.797,-14.635,-38.86,-54.849,-69.187,-79.394
165,24785309,16188788,Active,63,,,=,0.511,6.292,2.594,8.081,-72.789,15,-75.276,5,5,,,,,,,,,5.317,6.446,16.966,-6.69,-44.482,-58.531,-72.749,-75.276
166,24786176,16188979,Active,58,,,=,1.695,5.771,4,19.511,-71.16,16,-67.344,5,5,,,,,,,,,9.871,11.787,14.79,27.871,31.2,4.03,-62.123,-67.344
167,24789873,2877597,Inactive,0,,,,,,,-25.874,-25.874,14,-46.647,0.6,5,,,,,,,,,-7.442,-23.77,-27.936,-31.567,-14.065,-28.968,-18.81,-31.638
168,24789878,789893,Active,67,,,=,0.209,6.68,2.35,25,-90.628,16,-94.974,5,5,,,,,,,,,63.457,11.234,-20.022,-52.897,-77.784,-86.789,-91.595,-94.974
169,24791273,10467247,Active,59,,,=,1.414,5.85,4,19.747,-68.479,15,-65.504,5,5,,,,,,,,,10.635,18.145,13.824,29.243,39.727,-9.934,-65.066,-65.504
170,24791600,5738596,Active,64,,,=,0.401,6.396,0.902,0,-100,14,-91.955,5,5,,,,,,,,,-47.64,-21.35,-29.541,-43.577,-55.613,-75.505,-84.033,-91.955
171,24791955,6465812,Active,69,,,=,0.136,6.867,0.984,0,-94.866,16,-92.704,5,5,,,,,,,,,-20.718,-35.452,-51.29,-66.002,-75.832,-85.009,-89.7,-92.704
172,24795161,759347,Active,64,,,=,0.422,6.375,1.833,18.723,-88.747,16,-92.989,5,5,,,,,,,,,8.449,21.749,9.314,-26.129,-49.974,-73.068,-80.927,-92.989
173,24797051,6468758,Active,62,,,=,0.596,6.225,3.872,25,-82.499,16,-87.575,5,5,,,,,,,,,11.12,51.869,52.824,22.518,-33.371,-65.023,-85.325,-87.575
174,24800986,764129,Active,64,,,=,0.392,6.406,1.399,13.788,-100,16,-94.899,5,5,,,,,,,,,4.601,6.805,-5.633,-38.817,-60.72,-76.834,-91.708,-94.899
175,24801057,5338360,Active,64,,,=,0.419,6.378,1.912,147.255,-87.704,16,-88.581,5,5,,,,,,,,,147.083,130.958,123.249,60.963,-6.634,-61.459,-77.046,-88.581
176,24801101,2836754,Inactive,0,,,,,,,15.528,15.528,15,25.188,5,5,,,,,,,,,17.758,12.352,19.384,10.589,15.529,1.122,14.056,25.188
177,24801247,692041,Active,62,,,=,0.567,6.247,1.406,150,-78.032,16,-74.731,5,5,,,,,,,,,146.352,154.224,111.523,85.537,21.948,-12.025,-47.117,-74.731
178,24802174,1069778,Active,58,,,=,1.589,5.799,4,25,-85.752,16,-84.154,2.6,5,,,,,,,,,25.451,19.657,28.081,21.568,29.142,4.044,-84.154,-76.29
179,24802430,617341,Active,61,,,=,0.885,6.053,3.223,1.834,-99.812,16,-98.773,2.6,5,,,,,,,,,-2.749,-0.109,7.811,-0.497,-21.735,-71.267,-98.773,-97.942
180,24804152,1432812,Active,64,,,=,0.434,6.362,1.506,85.06,-100,16,-91.256,5,5,,,,,,,,,74.439,76.319,56.108,15.6,-34.72,-62.969,-86.109,-91.256
181,24805425,9567048,Active,63,,,=,0.539,6.268,1.506,124.649,-80.854,16,-77.617,5,5,,,,,,,,,113.642,121.459,98.96,60.759,12.948,-32.468,-59.328,-77.617
182,24805476,809206,Inactive,0,,,,,,,5.74,5.74,16,12.006,0.3,5,,,,,,,,,-2.399,0.319,7.662,12.006,7.645,4.51,9.847,6.331
183,24805676,2864596,Inactive,0,,,,,,,25,131.929,16,108.482,5,5,,,,,,,,,33.721,29.213,45.607,24.889,64.073,65.235,100.56,108.482
184,24806218,1894380,Active,64,,,=,0.369,6.434,2,58.114,-85.803,16,-87.673,5,5,,,,,,,,,51.591,59.641,31.251,2.359,-47.623,-72.43,-80.622,-87.673
185,24807501,3219869,Active,73,,,=,0.051,7.296,0.539,0,-91.684,16,-85.196,5,5,,,,,,,,,-41.232,-50.839,-61.99,-69.501,-69.694,-72.956,-84.803,-85.196
186,24807988,1088432,Active,63,,,=,0.493,6.307,1.175,106.997,-100,16,-84.72,5,5,,,,,,,,,91.804,91.161,63.797,35.19,-13.357,-49.011,-68.097,-84.72
187,24808722,667720,Active,69,,,=,0.113,6.947,1.246,207.172,-92.828,16,-94.691,5,5,,,,,,,,,144.719,94.21,20.128,-21.858,-56.134,-76.894,-88.009,-94.691
188,24809977,1915589,Active,66,,,=,0.248,6.606,1.946,0,-100,16,-96.805,5,5,,,,,,,,,37.945,-8.511,-37.873,-62.278,-77.131,-89.922,-93.649,-96.805
189,24810185,53206458,Active,64,,,=,0.418,6.379,1.108,72.313,-100,16,-89.351,5,5,,,,,,,,,52.753,62.721,22.865,1.265,-32.744,-59.013,-76.273,-89.351
190,24810988,17201,Active,62,,,=,0.587,6.231,1.293,7.87,-84.664,16,-81.132,5,5,,,,,,,,,3.777,3.094,-7.546,-17.03,-42.517,-57.221,-70.536,-81.132
191,24811154,4580516,Active,63,,,=,0.465,6.332,1.518,103.423,-81.932,16,-81.121,5,5,,,,,,,,,100.161,82.755,88.262,31.531,-7.705,-43.271,-66.044,-81.121
192,24811901,3988576,Active,68,,,=,0.143,6.845,1.15,173.864,-94.561,16,-92.601,5,5,,,,,,,,,125.599,83.814,28.998,-12.523,-50.616,-77.357,-79.97,-92.601
193,24812838,6618865,Active,62,,,=,0.574,6.241,1.524,25,-100,16,-92.162,5,5,,,,,,,,,40.958,34.48,4.579,-11.832,-39.61,-68.971,-84.212,-92.162
194,24814958,23693538,Active,72,,,=,0.062,7.21,0.708,0,-97.408,16,-93.925,5,5,,,,,,,,,-36.126,-59.361,-66.056,-69.451,-79.945,-87.016,-91.649,-93.925
195,24815012,3399068,Active,63,,,=,0.486,6.313,3.499,13.66,-68.435,15,-71.998,5,5,,,,,,,,,8.021,13.806,36.977,0.411,-42.914,-60.777,-68.116,-71.998
196,24815027,2149417,Active,58,,,=,1.541,5.812,3.768,25,-55.472,15,-56.696,5,5,,,,,,,,,26.844,19.383,29.446,37.88,46.127,-0.009,-42.558,-56.696
197,24815158,5840603,Active,67,,,=,0.222,6.654,2.014,25,-92.836,16,-95.526,5,5,,,,,,,,,34.596,11.159,-17.029,-51.154,-77.199,-85.289,-93.358,-95.526
198,24815321,5079010,Active,60,,,=,0.919,6.037,4,25,-55.967,15,-59.383,2.6,5,,,,,,,,,22.273,25.816,27.46,45.204,11.209,-34.234,-59.383,-51.916
199,24815343,9643155,Active,57,,,=,2.114,5.675,1.106,-10.353,-100,16,-74.833,5,5,,,,,,,,,-8.274,-11.625,-15.631,-28.633,-24.741,-36.777,-63.877,-74.833
200,24815344,9689184,Active,65,,,=,0.355,6.45,1.168,139.333,-100,16,-89.699,5,5,,,,,,,,,120.998,108.975,64.499,37.635,-19.469,-53.275,-77.212,-89.699
201,24815418,7203047,Active,69,,,=,0.132,6.878,1.537,97.847,-93.208,16,-94.422,5,5,,,,,,,,,70.701,44.944,-20.203,-47.002,-73.969,-85.764,-92.415,-94.422
202,24818354,9638883,Active,67,,,=,0.219,6.66,1.436,92.894,-91.606,16,-91.637,5,5,,,,,,,,,76.305,63.63,16.477,-19.029,-56.257,-75.803,-85.357,-91.637
203,24818721,3742367,Active,64,,,=,0.368,6.434,1.843,117.394,-82.892,16,-87.913,5,5,,,,,,,,,102.805,121.386,79.439,33.815,-26.951,-56.67,-74.324,-87.913
204,24818792,1016219,Active,63,,,=,0.47,6.328,4,5.029,-78.306,16,-81.299,2.6,5,,,,,,,,,5.944,2.259,-1.776,5.495,-63.672,-69.996,-81.299,-78.268
205,24818981,3744897,Active,60,,,=,1.051,5.978,4,25,-38.723,16,-39.129,5,5,,,,,,,,,31.522,38.388,63.783,128.147,69.513,-27.243,-32.026,-39.129
206,24819473,1489619,Active,59,,,=,1.322,5.879,1.035,15.7,-100,15,-73.133,5,5,,,,,,,,,9.886,10.341,19.851,-3.951,-21.97,-38.52,-64.621,-73.133
207,24820174,2769282,Active,68,,,=,0.163,6.788,4,23.014,-51.265,16,-61.921,0.6,5,,,,,,,,,30.053,9.856,-9.317,-50.309,-61.921,-54.31,-42.003,-43.125
208,24820854,252608,Active,62,,,=,0.696,6.157,0.993,105.296,-100,15,-73.346,5,5,,,,,,,,,100.717,110.846,55.732,51.412,15.102,-28.942,-58.098,-73.346
209,24821749,4263090,Active,69,,,=,0.113,6.946,0.611,0,-105.605,16,-94.995,5,5,,,,,,,,,-36.141,-49.609,-54.283,-67.343,-79.67,-86.738,-92.029,-94.995
210,24822303,2763766,Active,63,,,=,0.528,6.278,1.878,0,-67.014,15,-68.248,2.6,5,,,,,,,,,-8.64,5.225,-3.877,-23.115,-20.216,-55.869,-68.248,-62.4
211,24824473,1471355,Active,64,,,=,0.438,6.358,1.128,98.881,-100,16,-93.338,5,5,,,,,,,,,82.26,79.84,52.425,16.155,-20.474,-47.553,-72.765,-93.338
212,24825328,727588,Active,67,,,=,0.185,6.732,2.505,25,-91.498,16,-96.449,5,5,,,,,,,,,56.551,8.897,-24.879,-64.011,-78.109,-89.491,-93.11,-96.449
213,24825702,2528804,Active,63,,,=,0.517,6.287,4,19.57,-52.302,15,-55.311,2.6,5,,,,,,,,,10.915,17.475,43.668,16.63,-29.624,-45.438,-55.311,-52.565
214,24826614,16195963,Active,74,,,<,0.038,7.42,0.5,0,-97.299,16,-95.865,5,5,,,,,,,,,-62.445,-68.919,-71.324,-75.705,-77.435,-84.381,-93.572,-95.865
215,24828804,16196105,Active,54,,,=,3.615,5.442,1.501,25,-100,15,-60.845,5,5,,,,,,,,,24.221,64.24,71.434,81.159,38.047,-51.226,9.78,-60.845
216,24829161,2312594,Active,68,,,=,0.173,6.762,2.954,0,-81.278,16,-88.649,2.6,5,,,,,,,,,3.567,5.147,-44.011,-64.882,-60.955,-86.448,-88.649,-86.536
217,24830830,9641610,Active,63,,,=,0.456,6.341,1.26,25,-88.652,16,-86.421,5,5,,,,,,,,,25.104,13.872,1.392,-16.412,-47.048,-57.664,-74.879,-86.421
218,24830873,703759,Active,68,,,=,0.145,6.838,2.73,25,-91.175,16,-95.699,5,5,,,,,,,,,66.717,-3.411,-42.591,-69.346,-84.943,-91.868,-94.438,-95.699
219,24831169,16196279,Active,74,,,<,0.038,7.42,0,-90.919,-90.919,16,-96.492,5,5,,,,,,,,,-81.167,-85.397,-89.791,-90.819,-93.149,-94.637,-95.904,-96.492
220,24832079,2401486,Active,58,,,=,1.683,5.774,0.961,0,-100,16,-87.333,5,5,,,,,,,,,1.348,-4.771,-9.947,-23.484,-20.387,-51.419,-41.549,-87.333
221,24832144,2444453,Active,67,,,=,0.22,6.659,1.268,171.954,-95.854,16,-92.55,5,5,,,,,,,,,148.264,107.071,71.99,7.513,-35.565,-70.701,-80.997,-92.55
222,24832769,3903461,Active,74,,,<,0.038,7.42,0,-79.815,-79.815,16,-87.312,2.6,5,,,,,,,,,-71.321,-75.128,-72.655,-77.06,-81.567,-87.215,-87.312,-86.263
223,24832884,2558548,Active,64,,,=,0.361,6.443,1.405,145.499,-100,16,-91.618,5,5,,,,,,,,,132.508,119.033,97.686,23.508,-9.273,-67.982,-81.12,-91.618
224,24833062,2524412,Active,64,,,=,0.396,6.402,1.452,0,-88.246,16,-90.888,5,5,,,,,,,,,12.62,-6.687,-18.115,-42.468,-56.006,-67.212,-81.874,-90.888
225,24834240,4878717,Active,64,,,=,0.411,6.387,1.308,72.724,-100,16,-93.106,5,5,,,,,,,,,64.67,51.14,43.845,-4.418,-33.019,-65.772,-84.079,-93.106
226,24835715,2542040,Active,67,,,=,0.216,6.666,2,130.483,-85.456,16,-90.899,5,5,,,,,,,,,119.391,108.773,60.994,-25.205,-52.926,-72.06,-86.418,-90.899
227,24836096,16238800,Active,61,,,=,0.805,6.094,2,64.069,-100,16,-93.951,5,5,,,,,,,,,54.028,61.868,66.422,54.089,-4.049,-44.038,-89.565,-93.951
228,24836465,2408490,Active,66,,,=,0.273,6.565,2.237,0,-90.204,16,-93.948,5,5,,,,,,,,,20.492,3.399,-26.912,-51.49,-72.396,-83.272,-91.911,-93.948
229,24837331,9610413,Active,59,,,=,1.22,5.913,1.171,-24.149,-100,16,-86.741,5,5,,,,,,,,,-26.565,-27.797,-29.251,-33.436,-51.036,-60.223,-78.626,-86.741
230,24838690,1265525,Active,60,,,=,1.12,5.951,4,17.037,-48.463,14,-50.243,2.6,5,,,,,,,,,16.522,22.185,50.08,12.889,10.856,-19.329,-50.243,-44.879
231,24839561,3960591,Active,67,,,=,0.189,6.724,2.314,25,-88.034,16,-93.45,5,5,,,,,,,,,51.48,10.825,-26.334,-57.09,-71.729,-87.05,-90.141,-93.45
232,26657775,2437983,Inconclusive,0,,,,,,,,,16,136.666,1.2,5,,,,,,,,,60.205,76.502,83.046,65.272,106.537,136.666,121.203,108.199
233,26658620,16460826,Active,70,,,=,0.108,6.965,0.831,0,-85.113,16,-87.167,5,5,,,,,,,,,-18.081,-43.794,-51.769,-58.895,-67.975,-68.984,-78.177,-87.167
234,26658778,6861088,Active,72,,,=,0.07,7.152,1.376,0,-91.331,16,-92.777,5,5,,,,,,,,,-27.247,-48.043,-72.957,-79.304,-82.029,-90.146,-91.739,-92.777
235,26658848,1611092,Active,60,,,=,0.963,6.016,1.343,18.751,-100,16,-86.334,5,5,,,,,,,,,13.966,13.924,13.375,3.557,-33.598,-41.26,-79.085,-86.334
236,26659160,5933539,Active,63,,,=,0.471,6.327,1.449,100.628,-100,16,-92.854,5,5,,,,,,,,,102.359,72.018,73.412,36.564,-24.086,-59.462,-77.777,-92.854
237,26659369,1922279,Active,66,,,=,0.277,6.557,1.299,15.57,-83.185,16,-82.189,5,5,,,,,,,,,8.24,-0.517,-16.173,-37.213,-57.044,-69.652,-76.977,-82.189
238,26659743,7584226,Active,74,,,<,0.038,7.42,0.714,0,-98.538,16,-97.173,2.6,5,,,,,,,,,-71.402,-82.702,-87.326,-88.935,-93.315,-96.873,-97.173,-97.017
239,26660394,78545,Active,66,,,=,0.256,6.591,4,-7.185,-95.838,16,-98.435,2.6,5,,,,,,,,,-9.354,-7.486,-16.163,-67.283,-87.131,-95.812,-98.435,-97.794
240,26660424,1967479,Active,69,,,=,0.13,6.885,1.512,0,-79.43,16,-80.964,5,5,,,,,,,,,-13.738,-21.453,-48.587,-61.521,-71.668,-76.772,-76.82,-80.964
241,26664329,233874,Active,74,,,<,0.038,7.42,0.5,0,-94.191,16,-90.724,5,5,,,,,,,,,-55.612,-59.278,-62.203,-68.302,-73.715,-81.839,-87.716,-90.724
242,26664655,261413,Active,62,,,=,0.635,6.197,2.424,25,-85.543,15,-90.684,5,5,,,,,,,,,15.326,44.779,36.298,1.504,-25.414,-65.61,-76.294,-90.684
243,26664933,42640,Active,56,,,=,2.342,5.63,3.787,14.989,-100,15,-99.096,5,5,,,,,,,,,1.997,15.845,23.221,18.641,17.587,24.109,-51.6,-99.096
244,26665023,383092,Active,63,,,=,0.452,6.345,1.288,21.977,-88.011,16,-85.746,5,5,,,,,,,,,12.229,15.513,8.3,-31.546,-38.56,-62.676,-75.776,-85.746
245,26665073,387104,Active,63,,,=,0.543,6.265,2.154,50,-85.491,16,-88.768,5,5,,,,,,,,,48.253,67.936,51.81,10.558,-23.422,-61.793,-78.575,-88.768
246,26665381,1116764,Active,63,,,=,0.5,6.301,1.494,161.357,-88.643,16,-84.548,5,5,,,,,,,,,157.876,139.692,136.269,74.374,17.19,-28.24,-71.219,-84.548
247,26665836,5738400,Active,63,,,=,0.54,6.268,1.671,150,-70.045,16,-73.956,5,5,,,,,,,,,149.626,140.734,143.119,79.448,26.788,-18.938,-46.694,-73.956
248,26666195,900061,Active,69,,,=,0.113,6.948,1.247,124.708,-98.792,16,-96.094,5,5,,,,,,,,,79.899,33.24,-5.324,-53.315,-70.312,-90.345,-94.003,-96.094
249,26666439,5351116,Active,60,,,=,0.948,6.023,1.864,88.639,-80.566,16,-78.092,5,5,,,,,,,,,76.87,84.538,100.06,70.65,33.389,-14.539,-51.603,-78.092
250,26666486,5392060,Active,64,,,=,0.401,6.397,1.763,85.815,-87.313,16,-89.058,5,5,,,,,,,,,78.117,76.032,70.957,8.094,-26.544,-62.259,-80.125,-89.058
251,26666751,3580213,Active,57,,,=,1.813,5.742,0.688,0,-100,16,-69.016,5,5,,,,,,,,,3.244,-10.218,-14.076,-32.052,-39.142,-30.502,-56.782,-69.016
252,26669424,1505224,Active,62,,,=,0.605,6.218,4,24.091,-61.207,16,-67.267,1.2,5,,,,,,,,,15.432,26.905,29.791,19.088,-15.37,-67.267,-56.824,-56.694
253,26670943,941642,Active,62,,,=,0.63,6.201,4,21.87,-28.13,13,-33.779,1.2,5,,,,,,,,,13.715,15.428,32.495,58.802,0.761,-41.925,-26.567,-22.666
254,26671320,4617342,Active,68,,,=,0.164,6.786,2.381,74.538,-88.456,16,-94.802,5,5,,,,,,,,,65.711,56.199,-8.83,-57.963,-73.096,-82.715,-92.425,-94.802
255,26671321,9636219,Active,63,,,=,0.56,6.252,1.801,50,-100,16,-89.871,5,5,,,,,,,,,112.026,73.123,42.476,4.406,-34.581,-60.701,-81.142,-89.871
256,26671426,16410414,Active,74,,,<,0.038,7.42,0.5,0,-90.721,16,-89.885,5,5,,,,,,,,,-68.159,-70.26,-77.363,-79.508,-79.47,-83.884,-88.405,-89.885
257,26725274,330973,Active,62,,,=,0.633,6.199,3.326,25,-100,16,-98.929,5,5,,,,,,,,,21.586,43.004,43.755,-0.193,-24.777,-94.471,-98.308,-98.929
258,26725306,23205,Active,58,,,=,1.58,5.801,3.412,25,-100,15,-97.595,5,5,,,,,,,,,22.405,31.072,47.45,66.497,47.966,-18.806,-74.25,-97.595
259,26725314,3246719,Active,66,,,=,0.232,6.634,1.633,20.533,-65.233,16,-64.391,1.2,5,,,,,,,,,18.775,4.944,-12.339,-24.76,-53.194,-64.391,-63.58,-60.445
260,26726242,1566198,Active,64,,,=,0.428,6.368,1.065,4.215,-91.228,16,-87.334,5,5,,,,,,,,,-3.49,-7.479,-22.084,-33.971,-51.095,-70.798,-73.956,-87.334
261,26726490,2812530,Active,63,,,=,0.558,6.254,2.584,23.701,-82.614,15,-88.426,5,5,,,,,,,,,10.201,49.467,28.319,7.39,-40.26,-61.499,-79.143,-88.426
262,26726561,2815170,Active,69,,,=,0.114,6.943,0.764,0,-102.112,16,-95.731,5,5,,,,,,,,,-34.396,-39.519,-56.333,-73.054,-78.985,-87.011,-94.63,-95.731
263,26726668,2813456,Active,70,,,=,0.11,6.957,1.102,201.026,-98.974,16,-95.724,5,5,,,,,,,,,134.86,72.794,18.431,-20.703,-57.154,-79.255,-91.203,-95.724
264,26726874,2815176,Active,61,,,=,0.823,6.085,1.066,0.574,-100,16,-89.019,5,5,,,,,,,,,-9.434,1.3,-14.309,-27.276,-40.622,-62.987,-72.184,-89.019
265,26726875,2815175,Active,74,,,=,0.039,7.407,1.417,0,-96.24,16,-97.124,2.6,5,,,,,,,,,-45.952,-72.986,-84.223,-88.763,-93.28,-95.887,-97.124,-97.078
266,26727177,5703458,Active,61,,,=,0.788,6.103,4,25,-100,16,-97.37,5,5,,,,,,,,,24.716,36.638,51.759,47.893,-9.792,-78.231,-97.02,-97.37
267,26727619,9583470,Active,66,,,=,0.27,6.569,1.369,0,-89.008,16,-89.089,5,5,,,,,,,,,1.337,-13.175,-33.161,-49.955,-61.327,-80.045,-84.484,-89.089
268,26729196,9583467,Active,74,,,<,0.038,7.42,0.819,0,-91.375,16,-93.466,5,5,,,,,,,,,-62.792,-76.723,-80.925,-84.841,-85.227,-87.071,-90.312,-93.466
269,26730129,2812756,Active,64,,,=,0.384,6.416,1.956,154.005,-85.04,16,-90.137,5,5,,,,,,,,,137.691,155.285,127.01,50.631,-10.345,-57.529,-76.899,-90.137
270,26730168,2815964,Active,66,,,=,0.257,6.589,1.154,0,-72.327,16,-73.342,5,5,,,,,,,,,-1.001,-16.5,-27.452,-43.542,-47.608,-62.261,-65.14,-73.342
271,26731888,644215,Active,67,,,=,0.181,6.743,3.278,-13.734,-87.229,16,-91.302,2.6,5,,,,,,,,,-15.041,-17.654,-42.78,-78.291,-74.673,-90.762,-91.302,-88.336
272,26732561,354677,Active,60,,,=,0.987,6.006,0.663,-50,-100,15,-95.293,5,5,,,,,,,,,-58.01,-64.907,-69.494,-62.372,-48.066,-63.041,-92.473,-95.293
273,26732568,327045,Active,63,,,=,0.521,6.284,1.207,25,-100,16,-98.042,5,5,,,,,,,,,35.763,35.522,-9.167,-30.736,-38.646,-62.393,-76.223,-98.042
274,26732588,5396,Active,62,,,=,0.657,6.183,3.769,0,-65.788,16,-64.876,5,5,,,,,,,,,11.475,-7.96,-12.576,-6.057,-25.441,-62.882,-63.955,-64.876
275,46500716,3236099,Active,63,,,=,0.537,6.27,4,0,-69.078,16,-75.975,5,5,,,,,,,,,3.805,-0.457,2.38,-3.465,-43.549,-64.389,-63.742,-75.975
276,47193592,2997963,Active,64,,,=,0.419,6.378,1.566,100,-82.432,16,-83.616,5,5,,,,,,,,,101.805,76.787,76.278,31.53,-22.506,-47.282,-68.835,-83.616
277,47193747,253602,Active,64,,,=,0.378,6.422,2,0,-100,16,-97.639,5,5,,,,,,,,,64.714,22.986,-8.679,-53.97,-67.575,-88.32,-96.113,-97.639
278,47193750,53313247,Active,67,,,=,0.188,6.726,3.222,25,-60.523,16,-67.448,2.6,5,,,,,,,,,41.372,16.732,-5.386,-47.651,-49.539,-62.901,-67.448,-57.892
279,47193876,8975,Active,63,,,=,0.483,6.316,1.732,6.218,-100,16,-95.842,2.6,5,,,,,,,,,5.594,6.128,-14.375,-27.746,-47.033,-92.248,-95.842,-91.258
280,47193881,6245,Active,68,,,=,0.164,6.785,2.804,-10.314,-81.961,15,-89.378,1.2,5,,,,,,,,,-10.215,-20.898,-43.149,-73.153,-77.299,-91.495,-81.099,-80.4
281,47194545,826117,Active,61,,,=,0.831,6.08,2.44,20.536,-41.537,14,-42.851,2.6,5,,,,,,,,,21.455,9.502,19.966,29.314,-5.036,-18.633,-42.851,-38.267
282,47196705,2972188,Active,63,,,=,0.562,6.25,1.709,125.667,-79.659,16,-79.311,5,5,,,,,,,,,112.444,127.493,111.508,68.36,14.56,-31.72,-62.421,-79.311
283,47197146,2291569,Active,63,,,=,0.558,6.253,1.291,144.905,-100,16,-87.552,5,5,,,,,,,,,130.83,130.906,114.545,59.525,14.039,-26.084,-72.627,-87.552
284,47199726,2231873,Active,64,,,=,0.413,6.385,1.498,88.432,-89.336,16,-85.664,5,5,,,,,,,,,81.58,79.214,48.39,24.918,-28.279,-57.232,-78.943,-85.664
285,47200727,2257755,Active,56,,,=,2.439,5.613,1.307,25,-100,15,-60.691,5,5,,,,,,,,,21.583,29.332,38.585,15.115,5.462,-8.402,-44.168,-60.691
286,47202833,723105,Active,62,,,=,0.612,6.213,1.676,119.449,-78.647,16,-78.208,5,5,,,,,,,,,115.976,103.93,120.548,62.445,23.501,-30.978,-56.015,-78.208
287,47203184,708625,Active,67,,,=,0.204,6.691,3.272,50,-87.099,16,-94.206,5,5,,,,,,,,,90.768,56.498,2.044,-55.294,-70.278,-87.972,-91.797,-94.206
288,47203434,788928,Active,74,,,<,0.038,7.42,0.577,0,-104.185,16,-99.286,5,5,,,,,,,,,-65.53,-72.797,-80.581,-87.782,-94.376,-97.109,-98.507,-99.286
289,49643973,5349700,Active,60,,,=,1.084,5.965,1.107,20.838,-100,16,-81.151,5,5,,,,,,,,,13.905,17.067,13.729,-7.607,-20.885,-42.001,-66.705,-81.151
290,49645769,24747342,Active,74,,,<,0.038,7.42,0.622,0,-101.473,16,-95.935,2.6,5,,,,,,,,,-59.384,-66.958,-72.345,-86.861,-90.851,-94.689,-95.935,-95.841
291,49647303,16395151,Active,65,,,=,0.308,6.511,2.247,0,-83.69,16,-93.407,5,5,,,,,,,,,20.604,-0.743,-11.028,-48.95,-64.33,-68.739,-84.302,-93.407
292,49648722,16396279,Active,66,,,=,0.243,6.615,2.529,0,-92.925,16,-97.201,5,5,,,,,,,,,14.556,-13.997,-16.601,-66.604,-75.626,-88.086,-95.995,-97.201
293,49648784,16403454,Active,69,,,=,0.123,6.909,1.386,0,-86.279,16,-88.368,1.2,5,,,,,,,,,-7.441,-34.236,-57.012,-58.833,-75.05,-88.368,-85.787,-84.317
294,49648796,24747913,Active,74,,,<,0.038,7.42,0.893,0,-92.476,16,-92.899,5,5,,,,,,,,,-73.213,-79.952,-86.921,-89.011,-90.831,-90.876,-90.876,-92.899
295,49648806,24747923,Active,74,,,<,0.038,7.42,0.5,0,-90.186,16,-85.885,5,5,,,,,,,,,-49.075,-59.547,-63.548,-70.604,-74.516,-78.853,-80.245,-85.885
296,49648829,24747936,Active,57,,,=,1.836,5.736,1.303,19.054,-100,16,-71.85,5,5,,,,,,,,,18.924,21.82,13.154,0.894,-3.01,-16.677,-61.04,-71.85
297,49649119,4970947,Active,66,,,=,0.248,6.605,4,25,-36.348,14,-44.936,0.6,5,,,,,,,,,37.069,57.352,22.997,-20.255,-44.936,-42.666,-18.325,-33.396
298,49665015,6878600,Active,59,,,=,1.338,5.873,4,25,-33.446,12,-33.125,2.6,5,,,,,,,,,35.168,14.942,43.731,68.713,71.69,3.191,-33.125,-30.621
299,49667847,9584981,Active,63,,,=,0.547,6.262,2,116.752,-100,16,-95.011,5,5,,,,,,,,,121.919,95.725,103.508,82.827,-3.187,-79.623,-93.423,-95.011
300,49668022,15999416,Active,58,,,=,1.6,5.796,1.998,56.049,-100,16,-73.579,5,5,,,,,,,,,39.475,29.722,76.317,81.935,27.483,-2.452,-60.24,-73.579
301,49668074,24761242,Active,64,,,=,0.358,6.447,4,16.923,-66.428,16,-72.763,1.2,5,,,,,,,,,10.554,19.853,16.145,-7.404,-64.489,-72.763,-66.942,-54.001
302,49668172,24761318,Active,63,,,=,0.555,6.256,3.599,20.313,-63.357,15,-65.428,2.6,5,,,,,,,,,13.738,22.257,41.038,7.949,-25.417,-61.765,-65.428,-58.592
303,49668178,24761323,Active,56,,,=,2.539,5.595,1.576,18.016,-100,15,-66.787,5,5,,,,,,,,,8.346,11.516,25.215,47.078,-0.068,-8.565,-44.823,-66.787
304,49668579,17285441,Inconclusive,0,,,,,,,,,12,-29.293,5,5,,,,,,,,,20.585,26.108,52.953,92.45,129.269,-14.176,-2.871,-29.293
305,49669010,2964931,Active,61,,,=,0.715,6.145,4,0,-79.959,16,-82.222,5,5,,,,,,,,,0.223,0.231,6.507,2.853,-26.611,-71.4,-77.94,-82.222
306,49669494,6351925,Active,62,,,=,0.634,6.198,4,23.927,-59.297,14,-63.083,1.2,5,,,,,,,,,15.153,15.778,29.032,33.597,52.047,-63.083,-58.691,-51.985
307,49669917,20975213,Active,66,,,=,0.235,6.629,4,25,-64.973,16,-67.139,1.2,5,,,,,,,,,15.067,50.143,14.537,-45.884,-59.649,-67.139,-65.277,-63.224
308,49670650,10156,Active,68,,,=,0.16,6.797,4,25,-51.624,16,-59.043,0.6,5,,,,,,,,,46.577,38.567,-16.386,-48.304,-59.043,-58.442,-44.407,-42.205
309,49671819,5713277,Active,71,,,=,0.085,7.073,4,0,-81.63,16,-85.86,5,5,,,,,,,,,17.846,-39.765,-74.477,-76.846,-81.943,-83.721,-80.933,-85.86
310,49671847,2823045,Active,63,,,=,0.487,6.313,1.123,25,-100,16,-89.266,5,5,,,,,,,,,32.058,9.234,-3.131,-27.641,-39.969,-68.448,-81.475,-89.266
311,49671967,9116001,Active,67,,,=,0.187,6.729,1.552,0,-95.856,16,-97.049,5,5,,,,,,,,,-3.416,-20.369,-43.757,-66.435,-79.197,-88.462,-96.02,-97.049
312,49672045,2536883,Active,74,,,<,0.038,7.42,0.773,0,-102.781,16,-99.087,5,5,,,,,,,,,-57.827,-57.071,-81.007,-88.301,-94.946,-96.563,-98.119,-99.087
313,49672328,9117011,Active,69,,,=,0.14,6.853,2.495,0,-93.2,16,-96.277,5,5,,,,,,,,,13.822,-21.434,-57.993,-74.542,-87.806,-93.355,-95.781,-96.277
314,49673524,854418,Active,67,,,=,0.178,6.749,4,25,-94.136,16,-97.995,5,5,,,,,,,,,150.441,68.635,-31.537,-72.045,-88.739,-92.767,-97.095,-97.995
315,49675252,854968,Active,68,,,=,0.145,6.837,1.365,0,-77.143,16,-77.908,5,5,,,,,,,,,-13.134,-20.035,-41.088,-61.697,-62.074,-72.008,-76.732,-77.908
316,49676642,7422385,Active,67,,,=,0.194,6.712,1.018,139.795,-106.252,16,-95.785,5,5,,,,,,,,,104.644,58.668,34.881,-5.631,-52.788,-73.107,-90.239,-95.785
317,49676836,2583506,Active,65,,,=,0.304,6.517,1.189,156.492,-87.993,16,-83.946,5,5,,,,,,,,,129.181,130.235,73.068,31.853,-14.584,-40.707,-69.238,-83.946
318,49680708,9614768,Active,64,,,=,0.412,6.386,1.231,103.29,-100,16,-89.347,5,5,,,,,,,,,91.628,75.748,67.23,13.473,-25.609,-50.56,-82.334,-89.347
319,49681552,23581792,Inactive,0,,,,,,,20.006,20.006,16,78.599,0.16,5,,,,,,,,,45.949,11.54,78.599,52.386,13.3,-16.693,-11.965,-13.073
320,49717303,9587731,Active,73,,,=,0.046,7.336,1.093,0,-99.881,16,-98.328,2.6,5,,,,,,,,,-46.258,-61.422,-80.887,-88.703,-95.332,-97.323,-98.328,-98.283
321,49718188,443939,Active,62,,,=,0.65,6.187,3.094,65.78,-100,16,-96.102,5,5,,,,,,,,,46.284,70.763,78.183,52.784,-9.241,-76.728,-89.769,-96.102
322,49720287,24791027,Active,68,,,=,0.16,6.795,2.446,0.659,-81.94,16,-85.442,5,5,,,,,,,,,-3.738,-8.573,-43.183,-66.416,-75.674,-80.563,-82.017,-85.442
323,49725272,9593459,Active,70,,,=,0.099,7.004,1.616,133.164,-98.669,16,-99.234,5,5,,,,,,,,,90.94,42.057,-33.543,-61.157,-82.117,-96.872,-98.796,-99.234
324,49725814,1452801,Active,66,,,=,0.244,6.612,1.966,-9.532,-92.077,16,-94.135,5,5,,,,,,,,,-15.005,-13.156,-34.839,-62.168,-76.898,-86.595,-92.113,-94.135
325,49728452,9586790,Active,67,,,=,0.197,6.705,2.175,25,-93.159,16,-95.202,5,5,,,,,,,,,38.376,2.589,-17.758,-61.44,-81.408,-88.56,-93.739,-95.202
326,49728454,9587353,Active,62,,,=,0.708,6.15,1.498,106.2,-100,16,-89.031,5,5,,,,,,,,,112.958,83.583,96.269,52.362,24.639,-41.123,-73.692,-89.031
327,49728459,9566902,Active,65,,,=,0.317,6.498,1.4,0,-69.808,16,-74.986,5,5,,,,,,,,,11.609,-10.014,-19.405,-40.581,-47.497,-53.119,-64.67,-74.986
328,49728463,9567018,Active,63,,,=,0.448,6.349,1.618,92.694,-100,16,-94.688,5,5,,,,,,,,,91.803,68.964,79.213,18.991,-28.811,-63.565,-87.262,-94.688
329,49728465,5344820,Active,67,,,=,0.213,6.671,1.389,98.935,-97.77,16,-95.975,5,5,,,,,,,,,82.459,57.846,23.357,-26.802,-57.866,-80.054,-92.594,-95.975
330,49731383,22554154,Active,60,,,=,0.974,6.011,4,25,-33.876,14,-33.768,1.2,5,,,,,,,,,22.194,34.284,42.146,79.664,50.884,-33.768,-27.814,-32.064
331,49732126,5349753,Active,69,,,=,0.134,6.873,1.029,138.064,-102.198,16,-95.901,5,5,,,,,,,,,88.371,43.302,12.77,-29.819,-61.827,-80.273,-90.643,-95.901
332,49734325,24793549,Active,64,,,=,0.368,6.434,2.734,25,-44.037,16,-48.686,2.6,5,,,,,,,,,31.977,47.276,28.567,-9.598,-22.209,-37.143,-48.686,-46.319
333,49734916,22554524,Active,59,,,=,1.385,5.859,3.041,22.851,-60.295,15,-56.811,5,5,,,,,,,,,16.638,17.34,41.426,35.23,8.728,-6.884,-52.492,-56.811
334,49736636,9689721,Active,60,,,=,0.915,6.039,2,85.405,-80.598,14,-78.444,5,5,,,,,,,,,79.324,98.914,100.426,72.657,33.687,-21.113,-57.904,-78.444
335,49822191,8272034,Active,67,,,=,0.181,6.743,1.236,0,-100,16,-97.086,5,5,,,,,,,,,-2.424,-35.565,-43.426,-67.313,-80.947,-88.691,-94.76,-97.086
336,49822698,7560383,Active,62,,,=,0.657,6.183,1.008,15.974,-100,16,-85.116,5,5,,,,,,,,,12.933,-5.63,-1.499,-13.354,-46.73,-60.312,-74.293,-85.116
337,49823832,24818587,Active,64,,,=,0.397,6.401,1.223,0,-89.639,16,-87.277,5,5,,,,,,,,,4.047,-8.602,-30.676,-34.34,-56.977,-68.291,-81.587,-87.277
338,49826751,16547660,Active,67,,,=,0.196,6.708,1.591,118.385,-91.717,16,-95.335,5,5,,,,,,,,,101.747,81.706,28.559,-21.817,-63.7,-72.212,-88.88,-95.335
339,49826867,8030390,Active,72,,,=,0.064,7.193,0.506,0,-109.389,16,-96.191,5,5,,,,,,,,,-50.489,-56.474,-62.003,-75.461,-85.798,-91.048,-95.335,-96.191
340,50086747,644956,Active,60,,,=,0.96,6.018,4,15.375,-68.316,16,-69.548,2.6,5,,,,,,,,,22.04,11.522,14.755,5.99,13.805,-48.846,-69.548,-63.751
341,51086087,7202804,Active,66,,,=,0.234,6.63,1.153,156.705,-99.176,16,-92.582,5,5,,,,,,,,,122.761,113.293,45.792,9.777,-29.312,-66.022,-84.738,-92.582
342,51088957,16806361,Active,60,,,=,0.972,6.012,4,25,-100,14,-96.897,2.6,5,,,,,,,,,26.556,50.454,84.772,81.251,39.069,-77.52,-96.897,-91.049
343,51089649,6997825,Active,63,,,=,0.499,6.302,3.273,20.993,-60.045,15,-63.615,5,5,,,,,,,,,23.723,20.908,26.817,11.351,-33.734,-51.538,-58.907,-63.615
344,51089994,16803283,Inconclusive,0,,,,,,,,,16,113.142,0.3,5,,,,,,,,,17.575,42.329,87.145,113.142,67.573,59.521,-1.186,46.68
345,51090672,24892684,Active,55,,,=,2.855,5.544,4,15.634,-100,16,-98.55,5,5,,,,,,,,,15.099,15.034,15.983,21.039,26.745,-6.497,-25.798,-98.55
346,56320611,2998676,Active,66,,,=,0.271,6.567,1.6,-8.147,-96.593,16,-96.984,5,5,,,,,,,,,-11.628,-18.669,-36.86,-52.968,-79.37,-89.399,-92.082,-96.984
347,56320907,16211935,Active,65,,,=,0.33,6.482,2.004,18.995,-100,15,-96.085,5,5,,,,,,,,,-7.504,21.562,-10.335,-30.633,-75.481,-90.906,-94.71,-96.085
348,56422115,5287620,Active,71,,,=,0.072,7.14,4,0,-86.99,16,-90.47,2.6,5,,,,,,,,,0.66,-54.827,-78.716,-85.257,-86.608,-87.405,-90.47,-88.945
349,56422200,24207714,Active,74,,,<,0.038,7.42,1.227,0,-97.411,16,-98.217,5,5,,,,,,,,,-62.483,-81.504,-86.93,-94.358,-95.311,-96.324,-96.751,-98.217
350,56422204,2724385,Active,70,,,=,0.09,7.044,1.27,0,-97.381,16,-95.747,1.2,5,,,,,,,,,-24.032,-47.001,-62.399,-80.386,-91.253,-95.747,-94.51,-95.647
351,56422424,25102425,Active,68,,,=,0.143,6.844,3.443,0,-78.164,16,-88.751,5,5,,,,,,,,,31.244,-10.003,-49.792,-64.191,-72.906,-76.977,-79.292,-88.751
352,56463036,4369270,Active,66,,,=,0.235,6.629,1.651,25,-91.119,16,-95.197,5,5,,,,,,,,,17.798,12.163,-11.681,-50.49,-68.936,-76.361,-89.874,-95.197
353,56463065,15478,Active,64,,,=,0.374,6.427,1.37,24.848,-89.855,16,-87.821,5,5,,,,,,,,,19.297,13.274,-2.029,-24.304,-51.28,-69.63,-81.337,-87.821
354,56463072,6185,Active,65,,,=,0.343,6.465,1.437,16.927,-90.515,16,-90.741,5,5,,,,,,,,,12.735,2.11,-3.928,-35.111,-60.034,-70.243,-84.647,-90.741
355,56463137,9828429,Active,74,,,<,0.038,7.42,0,-91.238,-91.238,16,-95.832,5,5,,,,,,,,,-78.903,-89.257,-91.207,-92.657,-93.532,-93.463,-95.057,-95.832
356,56463253,6915727,Active,68,,,=,0.17,6.768,3.928,25,-25,14,-37.797,0.3,5,,,,,,,,,40.785,30.287,8.474,-40.518,-31.321,-25.001,5.479,-29.066
357,56463361,36314,Active,66,,,=,0.227,6.643,4,25,-25,14,-32.034,0.6,5,,,,,,,,,30.285,44.933,26.509,-20.634,-32.034,-56.062,-27.966,0.391
358,56463468,5287620,Active,73,,,=,0.051,7.294,2.876,0,-82.987,16,-86.126,5,5,,,,,,,,,-24.714,-66.063,-78.17,-82.085,-80.85,-81.744,-84.788,-86.126
359,56463613,6852401,Active,60,,,=,0.915,6.039,2.984,25,-79.492,16,-87.578,5,5,,,,,,,,,33.887,56.002,54.552,42.868,-6.463,-45.839,-64.813,-87.578
360,56463668,10607,Inconclusive,0,,,,,,,,,16,-59.615,1.2,5,,,,,,,,,-55.07,-46.412,-45.588,-46.298,-53.533,-59.615,-44.575,-57.428
361,57257218,25161455,Active,61,,,=,0.759,6.12,1.893,100,-78.769,16,-78.814,5,5,,,,,,,,,92.937,109.465,92.921,74.475,28.206,-26.754,-56.139,-78.814
362,57259117,7560363,Active,66,,,=,0.249,6.604,1.538,6.225,-92.85,16,-93.752,5,5,,,,,,,,,-0.305,-7.362,-24.339,-55.872,-68.295,-85.215,-89.134,-93.752
363,57260184,8271970,Active,57,,,=,2.158,5.666,1.716,66.196,-100,15,-63.96,5,5,,,,,,,,,37.354,64.648,89.404,76.149,56.264,9.42,-27.924,-63.96
364,57260982,676301,Active,62,,,=,0.629,6.201,1.695,25,-100,16,-90.814,5,5,,,,,,,,,34.324,41.743,13.44,-5.174,-38.33,-65.81,-87.204,-90.814
365,57263831,3511874,Active,60,,,=,0.991,6.004,2,68.284,-81.953,15,-79.042,5,5,,,,,,,,,52.419,71.451,87.37,55.261,29.945,-25.305,-58.352,-79.042
366,57266576,25163047,Active,63,,,=,0.49,6.309,1.507,4.061,-83.931,16,-84.831,5,5,,,,,,,,,1.82,-4.563,-3.143,-26.286,-50.028,-62.738,-74.363,-84.831
367,57267315,9207980,Active,59,,,=,1.14,5.943,1.404,65.544,-100,16,-84.229,5,5,,,,,,,,,80.62,74.787,12.382,49.533,26.895,-16.345,-67.36,-84.228
368,57267384,8195301,Active,68,,,=,0.159,6.797,1.537,96.455,-96.414,16,-95.873,5,5,,,,,,,,,74.949,52.803,-7.108,-39.606,-74.138,-87.553,-94.613,-95.873
369,57267825,5161265,Active,74,,,<,0.038,7.42,0.5,0,-95.425,16,-95.234,5,5,,,,,,,,,-68.456,-72.565,-77.044,-77.548,-80.728,-86.728,-92.869,-95.234
370,57267867,8271924,Active,59,,,=,1.257,5.901,1.335,0,-100,16,-83.876,5,5,,,,,,,,,5.938,-7.355,-0.404,-18.517,-22.992,-50.462,-73.739,-83.876
371,81066751,42628503,Active,68,,,=,0.156,6.806,0.846,0,-74.951,16,-73.641,5,5,,,,,,,,,-16.302,-28.399,-36.805,-47.947,-59.016,-61.201,-66.414,-73.641
372,81066752,10172943,Active,65,,,=,0.335,6.475,0.917,0,-105.041,16,-99.634,5,5,,,,,,,,,-14.784,-16.616,-35.114,-56.064,-64.872,-77.652,-89.167,-99.634
373,81066867,42628600,Active,56,,,=,2.563,5.591,1.98,0,-100,15,-81.266,5,5,,,,,,,,,-7.142,8.562,-4.879,1.546,-4.33,-21.08,-47.748,-81.266
374,85146114,17757146,Active,66,,,=,0.261,6.583,4,25,-51.926,15,-51.819,0.6,5,,,,,,,,,8.035,47.954,39.936,-35.276,-51.819,-51.199,-51.698,-47.6
375,85146115,44142087,Active,55,,,=,2.972,5.527,2.573,25,-100,15,-52.119,2.6,5,,,,,,,,,27.466,25.806,50.707,60.838,64.952,75.4,-52.119,-51.587
376,85146118,44142090,Active,53,,,=,5.402,5.267,1.747,0,-100,13,-58.021,2.6,5,,,,,,,,,0.339,7.517,-1.734,-3.944,43.101,16.416,-49.718,-39.975
377,85146122,44142094,Inconclusive,0,,,,,,,,,16,115.474,0.6,5,,,,,,,,,17.257,27.462,51.503,78.673,115.474,-19.874,-32.201,-24.554
378,85146127,44142099,Active,54,,,=,3.558,5.449,1.833,15.074,-100,13,-49.559,5,5,,,,,,,,,14.935,16.138,-2.306,22.777,59.731,35.078,-44.932,-49.559
379,85146131,44142103,Active,63,,,=,0.554,6.257,0.616,0,-100,14,-79.502,5,5,,,,,,,,,-12.614,-13.499,-39.262,18.889,-61.309,-60.763,-63.659,-79.502
380,85146460,11438055,Active,68,,,=,0.153,6.815,1.258,151.31,-93.859,16,-90.709,5,5,,,,,,,,,115.862,73.64,30.162,-25.04,-54.365,-76.168,-87.978,-90.709
381,85147375,781660,Active,60,,,=,1.063,5.974,2.413,0,-100,16,-97.343,5,5,,,,,,,,,1.639,3.281,-9.47,-2.833,-20.138,-56.897,-90.576,-97.343
382,85148706,44143976,Active,60,,,=,0.9,6.046,4,20.697,-82.289,15,-79.891,5,5,,,,,,,,,18.573,15.5,9.083,21.687,15.043,-66.527,-78.687,-79.891
383,85149099,44144282,Active,69,,,=,0.12,6.921,1.472,0,-93.437,16,-94.729,2.6,5,,,,,,,,,-10.937,-34.481,-60.148,-70.737,-83.536,-90.548,-94.729,-93.064
384,85149103,24011657,Active,74,,,<,0.038,7.42,1.216,0,-94.562,16,-95.28,2.6,5,,,,,,,,,-73.719,-86.654,-89.215,-91.634,-93.176,-94.49,-95.28,-94.563
385,85198196,25058393,Inconclusive,0,,,,,,,,,16,139.968,0.16,5,,,,,,,,,23.832,42.329,139.968,133.407,136.91,11.147,-17.801,-20.497
386,85198232,24896921,Active,63,,,=,0.467,6.33,3.442,5.568,-62.4,16,-75.744,5,5,,,,,,,,,5.161,-0.819,10.671,-5.984,-44.918,-50.86,-55.825,-75.744
387,85198876,2443422,Active,61,,,=,0.734,6.135,2,98.745,-87.35,16,-85.464,5,5,,,,,,,,,86.107,100.829,107.216,60.134,28.552,-39.29,-70.561,-85.464
388,85199201,9454677,Active,74,,,<,0.038,7.42,0.5,0,-101.355,16,-98.322,5,5,,,,,,,,,-78.243,-82.222,-83.048,-90.32,-94.229,-96.739,-98.068,-98.322
389,85200862,5352002,Active,74,,,<,0.038,7.42,0.5,0,-94.421,16,-95.363,5,5,,,,,,,,,-71.521,-76.864,-81.126,-84.634,-85.376,-85.98,-90.911,-95.363
390,85269781,2626966,Active,59,,,=,1.168,5.933,2.165,-7.661,-100,15,-94.315,5,5,,,,,,,,,-7.811,-10.674,-12.625,2.031,-24.76,-58.788,-82.749,-94.315
391,85271027,2361547,Active,66,,,=,0.242,6.617,1.212,0,-94.117,16,-91.741,5,5,,,,,,,,,-9.935,-18.1,-36.215,-53.581,-70.019,-82.47,-89.253,-91.741
392,85272974,15784539,Active,74,,,<,0.038,7.42,0.5,0,-98.806,16,-98.492,2.6,5,,,,,,,,,-79.572,-86.621,-90.545,-89.198,-93.123,-90.806,-98.492,-98.396
393,85273759,5458171,Active,66,,,=,0.271,6.568,1.363,16.825,-100,16,-95.58,5,5,,,,,,,,,4.991,3.852,-19.357,-51.73,-69.884,-83.774,-92.697,-95.58
394,85273781,62770,Active,66,,,=,0.238,6.624,4,25,-88.974,16,-95.981,5,5,,,,,,,,,32.631,29.949,10.163,-60.039,-83.875,-83.465,-88.473,-95.981
395,87334298,6540182,Active,58,,,=,1.585,5.8,4,25,-55.573,14,-51.237,2.6,5,,,,,,,,,28.898,40.399,51.478,40.332,130.088,8.676,-51.237,-51.084
396,87341203,5307346,Active,58,,,=,1.606,5.794,1.036,5.662,-100,16,-73.383,5,5,,,,,,,,,0.453,5.698,-7.697,-4.069,-26.111,-38.247,-61.662,-73.383
397,87345638,6865722,Active,67,,,=,0.209,6.68,4,25,-56.366,16,-63.334,1.2,5,,,,,,,,,25.169,15.453,21.171,-60.839,-54.172,-63.334,-52.638,-42.976
398,87347555,657680,Active,59,,,=,1.249,5.903,3.593,10.437,-64.671,14,-65.21,5,5,,,,,,,,,14.595,7.149,8.535,44.434,6.735,-25.05,-58.296,-65.21
399,87348027,658276,Active,61,,,=,0.88,6.056,4,24.73,-69.435,14,-68.242,2.6,5,,,,,,,,,12.214,27.871,51.721,28.198,16.206,-55.682,-68.242,-65.567
400,87348251,666696,Active,54,,,=,4.3,5.367,2.147,21.697,-100,15,-49.958,5,5,,,,,,,,,18.739,4.935,28.266,41.063,28.672,4.503,-5.736,-49.958
401,89851180,15945423,Active,58,,,=,1.51,5.821,2.142,5.209,-100,16,-88.143,5,5,,,,,,,,,10.735,5.93,4.124,-7.368,-4.996,-32.685,-79.209,-88.143
402,89851455,4543045,Active,74,,,<,0.038,7.42,0,-91.111,-91.111,16,-98.692,5,5,,,,,,,,,-79.873,-87.627,-87.725,-90.153,-92.585,-95.072,-97.161,-98.692
403,89853664,5057111,Active,70,,,=,0.09,7.047,1.186,0,-61.022,16,-66.824,5,5,,,,,,,,,-17.17,-26.428,-40.143,-53.821,-54.23,-53.417,-56.477,-66.824
404,89854164,258251,Active,62,,,=,0.574,6.241,1.818,25,-68.442,16,-65.747,2.6,5,,,,,,,,,24.84,27.669,26.601,-9.291,-17.267,-49.627,-65.747,-64.651
405,89854331,260168,Active,74,,,<,0.038,7.42,0.5,0,-100,16,-96.064,5,5,,,,,,,,,-58.575,-57.621,-66.274,-70.963,-79.276,-88.02,-95.023,-96.064
406,89854356,3032423,Active,56,,,=,2.798,5.553,1.16,52.134,-100,15,-37.945,5,5,,,,,,,,,43.65,44.193,46.915,81.129,28.504,8.292,-32.063,-37.945
407,89854589,240739,Active,66,,,=,0.226,6.647,4,25,-100,16,-98.46,2.6,5,,,,,,,,,15.06,35.742,19.933,-88.399,-97.72,-98.322,-98.46,-97.182
408,89854742,97865,Active,69,,,=,0.128,6.894,4,0,-71.667,15,-78.507,5,5,,,,,,,,,13.695,29.516,-58.184,-67.665,-63.59,-70.948,-72.153,-78.507
409,92763324,91467,Active,63,,,=,0.493,6.307,1.316,23.442,-50.688,16,-52.087,5,5,,,,,,,,,13.675,22.517,21.31,-15.924,-14.679,-32.772,-38.057,-52.087
410,92763334,5351204,Active,74,,,<,0.038,7.42,1.539,0,-93.818,16,-94.984,5,5,,,,,,,,,-60.674,-81.98,-87.164,-90.9,-92.424,-93.217,-94.682,-94.984
411,92763344,434610,Active,71,,,=,0.076,7.116,1.807,0,-99.637,16,-98.806,1.2,5,,,,,,,,,-24.305,-49.718,-77.558,-96.307,-98.12,-98.806,-98.483,-97.394
412,92763349,339411,Active,74,,,<,0.038,7.42,0.5,0,-90.745,16,-88.771,5,5,,,,,,,,,-66.481,-64.759,-74.711,-74.006,-83.498,-83.36,-85.616,-88.771
413,92763354,341880,Active,69,,,=,0.117,6.934,0.5,0,-100,15,-82.409,2.6,5,,,,,,,,,-50.52,-48.608,-53.393,-55.348,-65.894,-77.574,-82.409,-77.977
414,92763357,5353548,Active,70,,,=,0.104,6.982,4,0,-84.644,16,-96.784,5,5,,,,,,,,,22.835,-23.101,-73.015,-79.388,-76.406,-82.282,-86.931,-96.784
415,92763358,3197,Active,74,,,<,0.038,7.42,0.555,0,-100.324,16,-97.637,5,5,,,,,,,,,-77.431,-79.641,-87.307,-92.347,-95.091,-96.383,-96.385,-97.637
416,92763359,131182,Inconclusive,0,,,,,,,,,16,-92.296,5,5,,,,,,,,,-67.543,-70.892,-50.224,-52.498,-54.329,-71.156,-89.134,-92.296
417,92763360,3800,Active,68,,,=,0.146,6.836,2.621,24.666,-86.479,16,-96.144,5,5,,,,,,,,,17.797,12.078,-43.099,-69.646,-73.818,-81.858,-90.626,-96.144
418,92763362,9866928,Active,67,,,=,0.182,6.74,3.616,25,-87.751,16,-91.221,5,5,,,,,,,,,22.536,22.342,-19.207,-71.779,-81.907,-87.492,-88.576,-91.221
419,92763364,364708,Active,74,,,=,0.04,7.402,2.203,0,-95.342,16,-98.324,2.6,5,,,,,,,,,-44.605,-81.038,-89.773,-86.246,-95.424,-96.872,-98.324,-98.035
420,92763367,3450531,Active,66,,,=,0.27,6.568,2.109,24.281,-42.077,16,-44.404,2.6,5,,,,,,,,,15.46,30.31,5.934,-16.841,-24.539,-41.825,-44.404,-40.476
421,92763369,373978,Active,56,,,=,2.447,5.611,2.376,-10.928,-100,16,-80.223,5,5,,,,,,,,,-6.833,-11.66,-11.923,-17.295,-13.817,-18.933,-64.76,-80.223
422,92763370,458006,Active,69,,,=,0.126,6.901,3.643,20.036,-82.678,16,-87.187,5,5,,,,,,,,,17.401,5.518,-55.326,-71.696,-79.149,-84.221,-84.803,-87.187
423,92763371,386018,Active,74,,,<,0.038,7.42,0,-98.075,-98.075,16,-99.08,1.2,5,,,,,,,,,-95.314,-97.041,-98.313,-98.598,-98.948,-99.08,-98.948,-98.358
424,92763376,394347,Active,68,,,=,0.154,6.813,4,0,-100,16,-98.01,2.6,5,,,,,,,,,35.588,-3.124,-56.259,-91.292,-94.64,-97.132,-98.01,-97.572
425,92763379,429575,Active,68,,,=,0.165,6.781,3.236,0.422,-92.155,16,-96.054,2.6,5,,,,,,,,,-3.236,-3.691,-45.019,-80.686,-80.068,-94.108,-96.054,-95.927
426,92763380,429643,Active,69,,,=,0.13,6.886,4,0,-92.464,16,-96.795,5,5,,,,,,,,,28.121,-11.315,-67.512,-76.76,-91.613,-95.019,-96.54,-96.795
427,92763385,327044,Active,64,,,=,0.433,6.364,1.176,25,-100,16,-95.686,5,5,,,,,,,,,26.091,20.976,-8.267,-31.976,-51.574,-60.557,-86.233,-95.686
428,92763395,3826744,Active,74,,,<,0.038,7.42,1.036,0,-95.841,16,-95.242,2.6,5,,,,,,,,,-65.85,-79.917,-85.892,-91.251,-93.805,-94.983,-95.242,-95.186
429,92763404,247955,Inactive,0,,,,,,,-25.427,-25.427,14,-32.542,0.038,5,,,,,,,,,-32.542,-26.716,-17.165,-17.948,-26.954,-49.13,-26.576,-30.088
430,92763405,494023,Active,71,,,=,0.087,7.061,0.5,0,-100,16,-93.276,5,5,,,,,,,,,-47.146,-43.451,-56.425,-66.676,-64.256,-74.971,-86.405,-93.276
431,92763407,4024368,Active,68,,,=,0.16,6.796,2.213,0,-94.764,16,-97.483,2.6,5,,,,,,,,,14.548,-19.887,-52.222,-70.799,-86.468,-94.342,-97.483,-96.258
432,92763412,604599,Active,67,,,=,0.216,6.665,1.871,25,-82.602,16,-91.467,5,5,,,,,,,,,51.413,10.297,-23.601,-43.071,-61.075,-75.61,-80.276,-91.467
433,92763413,430508,Active,68,,,=,0.178,6.75,2.537,-24.903,-76.848,16,-82.7,5,5,,,,,,,,,-38.411,-15.34,-53.809,-68.078,-68.902,-73.314,-74.378,-82.7
434,92763416,529495,Active,74,,,<,0.038,7.42,0.5,0,-100,16,-97.341,2.6,5,,,,,,,,,-74.662,-76.769,-78.065,-86.238,-90.803,-95.733,-97.341,-97.162
435,92763418,5153,Active,67,,,=,0.181,6.744,4,-2.568,-91.369,16,-92.755,5,5,,,,,,,,,-4.439,-3.761,-36.853,-80.899,-89.667,-89.937,-92.544,-92.755
436,92763419,547450,Inconclusive,0,,,,,,,,,16,-69.338,2.6,5,,,,,,,,,-63.084,-65.019,-59.722,-54.471,-66.437,-66.324,-69.338,-65.211
437,92763420,5370239,Active,74,,,<,0.038,7.42,0.5,0,-101.8,16,-98.453,5,5,,,,,,,,,-68.526,-76.095,-74.06,-79.865,-87.771,-93.758,-96.889,-98.453
438,92763430,494187,Inconclusive,0,,,,,,,,,16,-61.506,0.3,5,,,,,,,,,-60.586,-53.126,-50.391,-61.506,-56.433,-56.395,-56.866,-52.696
439,92763434,619061,Active,67,,,=,0.205,6.689,2.09,25,-100,16,-96.574,5,5,,,,,,,,,61.125,10.879,-31.115,-60.668,-76.289,-92.527,-96.203,-96.574
440,92763435,4366047,Active,71,,,=,0.073,7.139,0.517,0,-80.583,16,-72.105,5,5,,,,,,,,,-36.386,-40.067,-42.838,-57.048,-61.307,-68.979,-66.91,-72.105
441,92763436,99927,Active,71,,,=,0.083,7.078,3.669,0,-79.271,16,-85.482,0.3,5,,,,,,,,,-0.714,-38.229,-68.576,-85.482,-81.117,-82.027,-72.119,-77.975
442,92763437,45280820,Active,74,,,<,0.038,7.42,2.105,0,-97.572,16,-98.602,5,5,,,,,,,,,-76.022,-92.222,-96.527,-96.184,-97.055,-97.29,-97.927,-98.602
443,92763438,430232,Active,70,,,=,0.095,7.022,1.266,0,-97.544,16,-96.984,1.2,5,,,,,,,,,-28.329,-39.957,-61.253,-80.307,-93.603,-96.984,-95.633,-91.347
444,92763446,45280821,Active,71,,,=,0.084,7.074,0.81,0,-102.351,16,-99.338,5,5,,,,,,,,,-33.533,-52.298,-64.19,-74.978,-83.928,-92.045,-96.087,-99.338
445,92763448,433350,Active,68,,,=,0.148,6.83,1.311,0,-95.187,16,-96.169,5,5,,,,,,,,,-13.505,-26.243,-53.722,-69.945,-77.979,-87.354,-94.547,-96.169
446,92763449,5363794,Active,70,,,=,0.104,6.985,0.51,0,-100,16,-86.006,5,5,,,,,,,,,-34.307,-50.198,-56.368,-61.075,-71.874,-79.345,-82.987,-86.006
447,92763801,435851,Active,61,,,=,0.861,6.065,4,25,-65.007,16,-66.777,5,5,,,,,,,,,43.761,36.877,63.893,66.975,13.911,-53.658,-58.925,-66.777
448,92763810,274159,Active,66,,,=,0.23,6.638,2.304,0,-88.637,16,-96.472,5,5,,,,,,,,,37.856,-1.312,-33.972,-60.467,-68.244,-79.592,-94.854,-96.472
449,92763812,65303,Active,66,,,=,0.234,6.631,4,22.291,-94.065,16,-94.324,5,5,,,,,,,,,21.987,14.354,13.273,-71.324,-90.37,-92.3,-92.944,-94.324
450,92763845,331783,Inconclusive,0,,,,,,,,,16,-71.398,1.2,5,,,,,,,,,-66.116,-69.594,-70.738,-70.879,-69.2,-71.398,-59.955,-57.955
451,92763847,100064,Active,65,,,=,0.3,6.523,4,25,-60.695,16,-65.283,2.6,5,,,,,,,,,32.413,28.61,46.92,-26.2,-50.977,-59.726,-65.283,-59.69
452,92763854,634898,Active,69,,,=,0.14,6.853,4,25,-62.209,16,-65.511,0.3,5,,,,,,,,,14.654,41.631,-37.538,-65.511,-62.011,-59.459,-59.549,-59.243
453,92763861,609635,Active,58,,,=,1.482,5.829,2,25,-100,16,-84.268,5,5,,,,,,,,,55.959,90.953,97.436,61.18,-2.633,-38.044,-58.209,-84.268
454,92763868,122815,Active,67,,,=,0.211,6.676,1.952,12.229,-97.787,16,-97.307,2.6,5,,,,,,,,,8.14,-1.335,-29.502,-59.706,-86.366,-93.652,-97.307,-97.252
455,92763930,407583,Active,64,,,=,0.37,6.432,1.374,88.09,-100,16,-93.386,5,5,,,,,,,,,68.787,80.39,49.178,-1.318,-42.282,-58.038,-86.554,-93.386
456,92763950,5303,Active,65,,,=,0.313,6.504,1.97,11.563,-83.824,15,-90.243,5,5,,,,,,,,,-4.053,10.568,-7.037,-36.614,-64.887,-70.133,-80.372,-90.243
457,92764012,276294,Active,68,,,=,0.15,6.823,1.097,0,-99.242,16,-96.27,5,5,,,,,,,,,-15.241,-35.573,-52.765,-65.219,-80.796,-91.202,-96.025,-96.27
458,92764021,6279389,Inconclusive,0,,,,,,,,,16,155.494,0.6,5,,,,,,,,,42.982,36.905,74.942,96.629,155.494,95.95,26.105,32.117
459,92764027,6477008,Active,57,,,=,2.064,5.685,2.386,24.913,-100,16,-89.256,5,5,,,,,,,,,5.171,25.319,34.799,33.485,20.722,-6.417,-50.884,-89.256
460,92764033,288101,Active,70,,,=,0.092,7.037,1.084,0,-94.935,16,-93.615,5,5,,,,,,,,,-24.381,-44.991,-65.307,-70.028,-82.195,-92.422,-92.228,-93.615
461,92764050,299645,Active,74,,,<,0.038,7.42,0.5,0,-97.107,16,-95.871,5,5,,,,,,,,,-54.006,-69.089,-67.998,-72.72,-74.017,-85.434,-89.463,-95.871
462,92764122,427839,Active,59,,,=,1.266,5.898,3.514,24.999,-100,16,-91.655,2.6,5,,,,,,,,,34.688,21.247,21.142,19.971,19.064,-32.222,-91.655,-88.851
463,92764131,429444,Active,74,,,<,0.038,7.42,1.462,0,-80.591,16,-82.259,1.2,5,,,,,,,,,-65.796,-75.647,-77.174,-80.229,-80.111,-82.259,-78.623,-81.103
464,92764134,319846,Active,69,,,=,0.118,6.929,1.909,0,-90.482,16,-97.645,5,5,,,,,,,,,-6.255,-31.073,-58.487,-75.46,-90.269,-81.334,-88.734,-97.645
465,92764136,6711209,Active,57,,,=,2.07,5.684,2.429,25,-100,13,-80.586,5,5,,,,,,,,,26.905,21.445,31.002,49.223,71.961,-0.389,-57.842,-80.586
466,92764145,156816,Active,74,,,<,0.038,7.42,0,-96.808,-96.808,16,-97.547,0.6,5,,,,,,,,,-94.342,-96.437,-97.1,-97.456,-97.547,-97.284,-97.39,-96.908
467,92764146,431377,Active,74,,,<,0.038,7.42,0.5,0,-99.798,16,-98.216,2.6,5,,,,,,,,,-81.058,-85.505,-90.27,-91.196,-93.141,-96.668,-98.216,-96.982
468,92764147,325517,Active,65,,,=,0.295,6.53,2.981,-8.853,-100,16,-97.873,2.6,5,,,,,,,,,-3.254,-14.216,-26.26,-50.584,-96.989,-97.602,-97.873,-97.154
469,92764149,5351422,Active,57,,,=,1.958,5.708,0.888,0,-100,14,-67.11,2.6,5,,,,,,,,,1.287,-4.976,-6.357,19.475,-43.189,-18.628,-67.11,-66.825
470,92764233,381392,Active,61,,,=,0.822,6.085,4,11.681,-63.601,14,-64.096,5,5,,,,,,,,,5.464,7.665,18.247,49.723,2.514,-58.846,-57.372,-64.096
471,92764236,381504,Active,59,,,=,1.158,5.936,4,25,-50.513,16,-49.757,5,5,,,,,,,,,13.684,20.504,29.635,41.295,35.061,-19.248,-48.124,-49.757
472,92764268,384217,Active,62,,,=,0.676,6.17,4,14.073,-71.44,15,-73.855,1.2,5,,,,,,,,,8.018,11.044,18.93,26.59,-15.46,-73.855,-66.712,-68.272
473,92764370,389753,Active,56,,,=,2.621,5.582,2.387,25,-100,16,-76.202,5,5,,,,,,,,,26.448,19.426,20.756,27.073,31.801,5.313,-37.642,-76.202
474,92764386,3005298,Active,61,,,=,0.878,6.056,2.198,24.373,-44.443,16,-45.643,2.6,5,,,,,,,,,20.197,19.915,29.162,24.988,-4.996,-14.043,-45.643,-39.476
475,92764524,9958995,Active,61,,,=,0.808,6.093,4,13.082,-100,16,-97.14,5,5,,,,,,,,,21.452,11.029,8.321,3.969,-2.122,-93.955,-96.355,-97.14
476,92764768,385364,Active,71,,,=,0.076,7.121,3.505,0,-97.803,16,-98.465,2.6,5,,,,,,,,,-6.264,-54.812,-88.896,-97.089,-97.942,-98.22,-98.465,-98.126
477,92764778,371509,Active,56,,,=,2.468,5.608,1.344,25,-100,16,-65.251,5,5,,,,,,,,,27.879,23.988,21.049,14.845,15.003,-13.521,-38.171,-65.251
478,92764826,382054,Inconclusive,0,,,,,,,,,16,-68.139,0.038,5,,,,,,,,,-68.139,-53.5,-51.28,-61.102,-55.988,-55.07,-54.613,-27.406
479,92764827,382447,Active,63,,,=,0.472,6.326,3.725,25,-100,16,-99.438,5,5,,,,,,,,,37.078,44.032,35.503,3.485,-62.198,-95.834,-98.955,-99.438
480,92764852,392739,Active,65,,,=,0.307,6.514,4,25,-93.966,16,-97.188,2.6,5,,,,,,,,,28.811,37.742,30.6,-36.373,-81.568,-90.889,-97.188,-96.639
481,93576581,407401,Active,60,,,=,0.892,6.049,3.109,13.185,-88.093,16,-91.24,5,5,,,,,,,,,16.242,17.072,12.982,-0.622,-4.964,-62.446,-79.214,-91.24
482,93576708,3879,Active,70,,,=,0.092,7.038,1.404,0,-90.584,16,-92.382,2.6,5,,,,,,,,,-15.955,-45.633,-63.164,-71.187,-85.573,-87.488,-92.382,-89.775
483,93576889,233768,Active,63,,,=,0.5,6.301,1.527,0,-78.948,16,-82.006,5,5,,,,,,,,,34.58,-1.642,-10.522,-36.45,-41.222,-58.404,-70.466,-82.006
484,93576890,2199,Active,68,,,=,0.168,6.773,2.857,0,-92.86,16,-98.921,5,5,,,,,,,,,16.097,-1.266,-52.255,-70.253,-81.964,-94.33,-96.495,-98.921
485,93576891,4605,Active,74,,,<,0.038,7.42,1.143,0,-90.926,16,-90.907,5,5,,,,,,,,,-60.523,-71.44,-84.504,-87.835,-88.791,-89.525,-89.727,-90.907
486,93576955,4749,Active,74,,,<,0.038,7.42,1.165,0,-95.467,16,-95.676,2.6,5,,,,,,,,,-69.294,-82.89,-88.89,-92.443,-93.655,-94.637,-95.676,-95.404
487,93576996,3037144,Active,64,,,=,0.379,6.421,4,0,-66.828,15,-68.693,5,5,,,,,,,,,7.044,19.013,-10.55,-14.422,-62.352,-64.923,-64.135,-68.693
488,93577483,275781,Active,67,,,=,0.189,6.723,1.792,0.357,-94.584,16,-95.506,2.6,5,,,,,,,,,-8.866,-8.531,-44.445,-68.022,-76.762,-92.562,-95.506,-95.281
